study_ID,long_cite,short_cite,doi,peer_reviewed,coder,expt_num,expt_condition,same_infant,response_mode,response_mode2,exposure_phase,training_feedback,method,trial_control,dependent_measure,participant_design,native_lang,infant_type,group_name_1,group_name_2,n_1,n_2,mean_age_1,mean_age_2,x_1,x_2,SD_1,SD_2,from_graph,graph_stats,t,F,r ,d,d_var,corr,test_lang,stimuli_link,data_link,age_range_1,age_range_2,n_excluded_1,n_excluded_2,gender_1,gender_2,num_trials,mean_vocab,procedure_secondary,[other study specific variables]
smith2008,"Smith, L., & Yu, C. (2008). Infants rapidly learn word-referent mappings via cross-situational statistics. Cognition, 106(3), 1558–1568. https://doi.org/10.1016/j.cognition.2007.06.010",Smith & Yu (2008),10.1016/j.cognition.2007.06.010,yes,Rodrigo Dal Ben,1,12_months,1,eye-tracking,gaze_manual,familiarization,false,looking_while_listening,fixed,looking_time,within_two,American English,typical,smith2008_12m_target,smith2008_12m_distractor,28,NA,372.28,NA,3.1824,2.4,0.512,0.512,yes,M_SE,NA,35.32,NA,NA,NA,NA,artificial,NA,NA,53.88,NA,1,NA,0.5357142857,NA,12,NA,NA,
smith2008,"Smith, L., & Yu, C. (2008). Infants rapidly learn word-referent mappings via cross-situational statistics. Cognition, 106(3), 1558–1568. https://doi.org/10.1016/j.cognition.2007.06.010",Smith & Yu (2008),10.1016/j.cognition.2007.06.010,yes,Rodrigo Dal Ben,1,14_months,2,eye-tracking,gaze_manual,familiarization,false,looking_while_listening,fixed,looking_time,within_two,American English,typical,smith2008_14m_target,smith2008_14m_distractor,27,NA,428.16,NA,3.5956,2.4879,0.913,1.096,yes,M_SE,NA,NA,NA,NA,NA,NA,artificial,NA,NA,42.44,NA,1,NA,0.4814814815,NA,12,NA,NA,
yu2011,"Yu, C., & Smith, L. B. (2011). What you learn is what you see: using eye movements to study infant cross-situational word learning. Developmental Science, 14(2), 165–180. https://doi.org/10.1111/j.1467-7687.2010.00958.x",Yu & Smith (2011),10.1111/j.1467-7687.2010.00958.x,yes,Rodrigo Dal Ben,1,experimental,3,eye-tracking,gaze_automatic,familiarization,false,looking_while_listening,fixed,looking_time,within_two,American English,typical,yu2011_target,yu2011_distractor,18,NA,432.248,NA,3.25,2.67,0.49,0.38,no,NA,5.26,NA,NA,NA,NA,NA,artificial,NA,NA,NA,NA,14,NA,0.4444444444,NA,12,NA,NA,
scott2012,"Scott, R. M., & Fisher, C. (2012). 2.5-Year-olds use cross-situational consistency to learn verbs under referential uncertainty. Cognition, 122(2), 163–180. https://doi.org/10.1016/j.cognition.2011.10.010",Scott & Fisher (2012),10.1016/j.cognition.2011.10.010,yes,Rodrigo Dal Ben,1,intransitive_verbs,4,eye-tracking,gaze_manual,test_only,false,looking_while_listening,fixed,looking_time,within_two,American English,typical,scott2012_target,scott2012_distractor,36,NA,949.728,NA,1.28,1.08,0.22,0.22,no,NA,NA,7.75,NA,NA,NA,NA,artificial,NA,NA,91.32,NA,4,NA,0.5,NA,12,80.5,NA,
scott2012,"Scott, R. M., & Fisher, C. (2012). 2.5-Year-olds use cross-situational consistency to learn verbs under referential uncertainty. Cognition, 122(2), 163–180. https://doi.org/10.1016/j.cognition.2011.10.011",Scott & Fisher (2012),10.1016/j.cognition.2011.10.010,yes,Rodrigo Dal Ben,2,transitive_verbs_high_vocab,5,eye-tracking,gaze_manual,test_only,false,looking_while_listening,fixed,looking_time,within_two,American English,typical,scott2012_high_vocab_target,scott2012_high_vocab_distractor,18,NA,940.596,NA,1.36,1.08,0.18,0.15,no,NA,NA,18.97,0.38,NA,NA,NA,artificial,NA,NA,97.408,NA,1.5,NA,0.5,NA,12,98,NA,
scott2012,"Scott, R. M., & Fisher, C. (2012). 2.5-Year-olds use cross-situational consistency to learn verbs under referential uncertainty. Cognition, 122(2), 163–180. https://doi.org/10.1016/j.cognition.2011.10.012",Scott & Fisher (2012),10.1016/j.cognition.2011.10.010,yes,Rodrigo Dal Ben,2,transitive_verbs_low_vocab,6,eye-tracking,gaze_manual,test_only,false,looking_while_listening,fixed,looking_time,within_two,American English,typical,scott2012_low_vocab_target,scott2012_low_vocab_distractor,18,NA,940.596,NA,1.19,1.25,0.2,0.17,no,NA,NA,NA,NA,NA,NA,NA,artificial,NA,NA,97.408,NA,1.5,NA,0.5,NA,12,68,NA,
mcgregor2013,"McGregor, K. K., Rost, G., Arenas, R., Farris-Trimble, A., & Stiles, D. (2013). Children with ASD can use gaze in support of word recognition and learning. Journal of Child Psychology and Psychiatry and Allied Disciplines, 54(7), 745–753. https://doi.org/10.1111/jcpp.12073","McGregor, Rost, Arenas, Farris-Trimble, & Stiles (2013)",10.1111/jcpp.12073,yes,Rodrigo Dal Ben,1,asd_facilitative,7,behavior,behavior,test_only,false,FC,infant_all,target_selection,within_one,American English,ASD,mcgregor2013_asd_facilitative,NA,30,NA,4078.96,NA,74,33,20,NA,no,NA,NA,NA,NA,NA,NA,NA,artificial,NA,NA,NA,NA,NA,NA,NA,NA,180,109,NA,
mcgregor2013,"McGregor, K. K., Rost, G., Arenas, R., Farris-Trimble, A., & Stiles, D. (2013). Children with ASD can use gaze in support of word recognition and learning. Journal of Child Psychology and Psychiatry and Allied Disciplines, 54(7), 745–753. https://doi.org/10.1111/jcpp.12073","McGregor, Rost, Arenas, Farris-Trimble, & Stiles (2013)",10.1111/jcpp.12073,yes,Rodrigo Dal Ben,1,asd_neutral,7,behavior,behavior,test_only,false,FC,infant_all,target_selection,within_one,American English,ASD,mcgregor2013_asd_neutral,NA,30,NA,4078.96,NA,42,33,14,NA,no,NA,3.55,NA,NA,NA,NA,NA,artificial,NA,NA,NA,NA,NA,NA,NA,NA,180,109,NA,
mcgregor2013,"McGregor, K. K., Rost, G., Arenas, R., Farris-Trimble, A., & Stiles, D. (2013). Children with ASD can use gaze in support of word recognition and learning. Journal of Child Psychology and Psychiatry and Allied Disciplines, 54(7), 745–753. https://doi.org/10.1111/jcpp.12073","McGregor, Rost, Arenas, Farris-Trimble, & Stiles (2013)",10.1111/jcpp.12073,yes,Rodrigo Dal Ben,1,typical_facilitative,8,behavior,behavior,test_only,false,FC,infant_all,target_selection,within_one,American English,typical,mcgregor2013_typical_facilitative,NA,43,NA,3987.64,NA,73,33,20,NA,no,NA,NA,NA,NA,NA,NA,NA,artificial,NA,NA,NA,NA,NA,NA,NA,NA,180,113,NA,
mcgregor2013,"McGregor, K. K., Rost, G., Arenas, R., Farris-Trimble, A., & Stiles, D. (2013). Children with ASD can use gaze in support of word recognition and learning. Journal of Child Psychology and Psychiatry and Allied Disciplines, 54(7), 745–753. https://doi.org/10.1111/jcpp.12073","McGregor, Rost, Arenas, Farris-Trimble, & Stiles (2013)",10.1111/jcpp.12073,yes,Rodrigo Dal Ben,1,typical_neutral,8,behavior,behavior,test_only,false,FC,infant_all,target_selection,within_one,American English,typical,mcgregor2013_typical_neutral,NA,43,NA,3987.64,NA,42,33,14,NA,no,NA,4.38,NA,NA,NA,NA,NA,artificial,NA,NA,NA,NA,NA,NA,NA,NA,180,113,NA,
vlach2013,"Vlach, H. a., & Johnson, S. P. (2013). Memory constraints on infants’ cross-situational statistical learning. Cognition, 127(3), 375–382. https://doi.org/10.1016/j.cognition.2013.02.015",Vlach & Johnson (2013),10.1016/j.cognition.2013.02.015,yes,Rodrigo Dal Ben,1,16m_massed,9,eye-tracking,gaze_automatic,familiarization,false,looking_while_listening,fixed,looking_time_change_pc,within_one,American English,typical,vlach2013_16m_massed,NA,16,NA,490.084,NA,0.55,0.5,0.148,NA,yes,M_SE,NA,NA,NA,NA,NA,NA,artificial,NA,NA,30.44,NA,4,NA,0.5625,NA,12,81.1,NA,
vlach2013,"Vlach, H. a., & Johnson, S. P. (2013). Memory constraints on infants’ cross-situational statistical learning. Cognition, 127(3), 375–382. https://doi.org/10.1016/j.cognition.2013.02.015",Vlach & Johnson (2013),10.1016/j.cognition.2013.02.015,yes,Rodrigo Dal Ben,1,16m_interleaved,9,eye-tracking,gaze_automatic,familiarization,false,looking_while_listening,fixed,looking_time_change_pc,within_one,American English,typical,vlach2013_16m_interleaved,NA,16,NA,490.084,NA,0.48,0.5,0.173,NA,yes,M_SE,NA,NA,NA,NA,NA,NA,artificial,NA,NA,30.44,NA,4,NA,0.5625,NA,12,81.1,NA,
vlach2013,"Vlach, H. a., & Johnson, S. P. (2013). Memory constraints on infants’ cross-situational statistical learning. Cognition, 127(3), 375–382. https://doi.org/10.1016/j.cognition.2013.02.015",Vlach & Johnson (2013),10.1016/j.cognition.2013.02.015,yes,Rodrigo Dal Ben,1,20m_massed,10,eye-tracking,gaze_automatic,familiarization,false,looking_while_listening,fixed,looking_time_change_pc,within_one,American English,typical,vlach2013_20m_massed,NA,16,NA,614.888,NA,0.55,0.5,0.148,NA,yes,M_SE,NA,NA,NA,NA,NA,NA,artificial,NA,NA,30.44,NA,3,NA,0.5625,NA,12,210.5,NA,
vlach2013,"Vlach, H. a., & Johnson, S. P. (2013). Memory constraints on infants’ cross-situational statistical learning. Cognition, 127(3), 375–382. https://doi.org/10.1016/j.cognition.2013.02.015",Vlach & Johnson (2013),10.1016/j.cognition.2013.02.015,yes,Rodrigo Dal Ben,1,20m_interleaved,10,eye-tracking,gaze_automatic,familiarization,false,looking_while_listening,fixed,looking_time_change_pc,within_one,American English,typical,vlach2013_20m_interleaved,NA,16,NA,614.888,NA,0.56,0.5,0.190,NA,yes,M_SE,NA,NA,NA,NA,NA,NA,artificial,NA,NA,30.44,NA,3,NA,0.5625,NA,12,210.5,NA,
suanda2014,"Suanda, S. H., Mugwanya, N., & Namy, L. L. (2014). Cross-situational statistical word learning in young children. Journal of Experimental Child Psychology, 126, 395–411. https://doi.org/10.1016/j.jecp.2014.06.003","Suanda, Mugwanya, & Namy (2014)",10.1016/j.jecp.2014.06.003,yes,Rodrigo Dal Ben,1,high_CD,11,behavior,behavior,familiarization,false,FC,infant_all,target_selection,within_one,American English,typical,suanda2014_high_CD,NA,28,NA,2240.384,NA,0.48,0.25,0.21,NA,no,NA,5.8,NA,NA,1.1,NA,NA,artificial,NA,NA,1144.544,NA,4.333333333,NA,0.5833333333,NA,8,NA,NA,
suanda2014,"Suanda, S. H., Mugwanya, N., & Namy, L. L. (2014). Cross-situational statistical word learning in young children. Journal of Experimental Child Psychology, 126, 395–411. https://doi.org/10.1016/j.jecp.2014.06.003","Suanda, Mugwanya, & Namy (2014)",10.1016/j.jecp.2014.06.003,yes,Rodrigo Dal Ben,1,mod_CD,12,behavior,behavior,familiarization,false,FC,infant_all,target_selection,within_one,American English,typical,suanda2014_mod_CD,NA,28,NA,2240.384,NA,0.39,0.25,0.2,NA,no,NA,3.57,NA,NA,0.67,NA,NA,artificial,NA,NA,1144.544,NA,4.333333333,NA,0.5833333333,NA,8,NA,NA,
suanda2014,"Suanda, S. H., Mugwanya, N., & Namy, L. L. (2014). Cross-situational statistical word learning in young children. Journal of Experimental Child Psychology, 126, 395–411. https://doi.org/10.1016/j.jecp.2014.06.003","Suanda, Mugwanya, & Namy (2014)",10.1016/j.jecp.2014.06.003,yes,Rodrigo Dal Ben,1,low_CD,13,behavior,behavior,familiarization,false,FC,infant_all,target_selection,within_one,American English,typical,suanda2014_low_CD,NA,28,NA,2240.384,NA,0.34,0.25,0.18,NA,no,NA,2.77,NA,NA,0.52,NA,NA,artificial,NA,NA,1144.544,NA,4.333333333,NA,0.5833333333,NA,8,NA,NA,
woodard2016,"Woodard, K., Gleitman, L. R., & Trueswell, J. C. (2016). Two- and Three-Year-Olds Track a Single Meaning During Word Learning: Evidence for Propose-but-Verify. Language Learning and Development, 12(3), 252–261. https://doi.org/10.1080/15475441.2016.1140581","Woodard, Gleitman, & Trueswell (2016)",10.1080/15475441.2016.1140581,yes,Rodrigo Dal Ben,1,same_trials,14,behavior,behavior,familiarization,false,FC,infant_all,target_selection,within_one,American English,typical,woodard2016_same,NA,16,NA,395.72,NA,0.83,0.5,0.22,NA,no,NA,6,NA,NA,NA,NA,NA,artificial,NA,NA,852.32,NA,3,NA,0.53125,NA,30,NA,NA,
woodard2016,"Woodard, K., Gleitman, L. R., & Trueswell, J. C. (2016). Two- and Three-Year-Olds Track a Single Meaning During Word Learning: Evidence for Propose-but-Verify. Language Learning and Development, 12(3), 252–261. https://doi.org/10.1080/15475441.2016.1140581","Woodard, Gleitman, & Trueswell (2016)",10.1080/15475441.2016.1140581,yes,Rodrigo Dal Ben,1,switch_trials,15,behavior,behavior,familiarization,false,FC,infant_all,target_selection,within_one,American English,typical,woodard2016_switch,NA,16,NA,395.72,NA,0.45,0.5,0.19,NA,no,NA,1,NA,NA,NA,NA,NA,artificial,NA,NA,852.32,NA,3,NA,0.53125,NA,30,NA,NA,
escudero2016,"Escudero, P., Mulak, K. E., & Vlach, H. A. (2016). Infants Encode Phonetic Detail during Cross-Situational Word Learning. Frontiers in Psychology, 7(September), 1–11. https://doi.org/10.3389/fpsyg.2016.01419","Escudero, Mulak, & Vlach (2016)",10.3389/fpsyg.2016.01419,yes,Rodrigo Dal Ben,1,non_min_pairs,16,eye-tracking,gaze_automatic,familiarization,false,looking_while_listening,fixed,looking_time_change_pc,within_one,Australian English,typical,escudero2016_non_min_pairs,NA,88,NA,487.801,NA,50.9,50,23.940,NA,yes,M_SE,0.72,NA,NA,NA,NA,NA,artificial,NA,NA,277.004,NA,32,NA,0.4545454545,NA,36,NA,NA,
escudero2016,"Escudero, P., Mulak, K. E., & Vlach, H. A. (2016). Infants Encode Phonetic Detail during Cross-Situational Word Learning. Frontiers in Psychology, 7(September), 1–11. https://doi.org/10.3389/fpsyg.2016.01419","Escudero, Mulak, & Vlach (2016)",10.3389/fpsyg.2016.01419,yes,Rodrigo Dal Ben,1,min_pairs,16,eye-tracking,gaze_automatic,familiarization,false,looking_while_listening,fixed,looking_time_change_pc,within_one,Australian English,typical,escudero2016_min_pairs,NA,88,NA,487.801,NA,48.24,50,41.932,NA,yes,M_SE,0.58,NA,NA,NA,NA,NA,artificial,NA,NA,277.004,NA,32,NA,0.4545454545,NA,36,NA,NA,
bunce2017,"Bunce, J. P., & Scott, R. M. (2017). Finding meaning in a noisy world: exploring the effects of referential ambiguity and competition on 2·5-year-olds’ cross-situational word learning. Journal of Child Language, 44(3), 650–676. https://doi.org/10.1017/S0305000916000180",Bunce & Scott (2017),10.1017/S0305000916000180,yes,Rodrigo Dal Ben,1,no_comp,17,eye-tracking,gaze_manual,familiarization,false,looking_while_listening,fixed,looking_time_change_pc,within_one,American English,typical,bunce2017_no_comp,NA,14,NA,1034.96,NA,0.44,0.25,0.25,NA,no,NA,2.79,NA,NA,0.76,NA,NA,artificial,NA,NA,243.52,NA,1.333333333,NA,0.5,NA,12,59,NA,
bunce2017,"Bunce, J. P., & Scott, R. M. (2017). Finding meaning in a noisy world: exploring the effects of referential ambiguity and competition on 2·5-year-olds’ cross-situational word learning. Journal of Child Language, 44(3), 650–676. https://doi.org/10.1017/S0305000916000180",Bunce & Scott (2017),10.1017/S0305000916000180,yes,Rodrigo Dal Ben,1,short_comp,18,eye-tracking,gaze_manual,familiarization,false,looking_while_listening,fixed,looking_time_change_pc,within_one,American English,typical,bunce2017_short_comp,NA,14,NA,1034.96,NA,0.4,0.25,0.22,NA,no,NA,2.54,NA,NA,0.68,NA,NA,artificial,NA,NA,243.52,NA,1.333333333,NA,0.5,NA,12,59,NA,
bunce2017,"Bunce, J. P., & Scott, R. M. (2017). Finding meaning in a noisy world: exploring the effects of referential ambiguity and competition on 2·5-year-olds’ cross-situational word learning. Journal of Child Language, 44(3), 650–676. https://doi.org/10.1017/S0305000916000180",Bunce & Scott (2017),10.1017/S0305000916000180,yes,Rodrigo Dal Ben,1,long_comp,19,eye-tracking,gaze_manual,familiarization,false,looking_while_listening,fixed,looking_time_change_pc,within_one,American English,typical,bunce2017_long_comp,NA,14,NA,1034.96,NA,0.17,0.25,0.17,NA,no,NA,-1.68,NA,NA,NA,NA,NA,artificial,NA,NA,243.52,NA,1.333333333,NA,0.5,NA,12,59,NA,
vlach2017,"Vlach, H. A., & DeBrock, C. A. (2017). Remember dax? Relations between children’s cross-situational word learning, memory, and language abilities. Journal of Memory and Language, 93, 217–230. https://doi.org/10.1016/j.jml.2016.10.001",Vlach & DeBrock (2017),10.1016/j.jml.2016.10.001,yes,Rodrigo Dal Ben,1,experimental,20,behavior,behavior,familiarization,false,FC,infant_all,target_selection,within_one,American English,typical,experimental,NA,47,NA,1455.3364,NA,6.7,6,2.37,NA,no,NA,NA,NA,NA,NA,NA,NA,artificial,NA,NA,1339.36,NA,19,NA,0.5531914894,NA,12,76.09,NA,
vlach2017,"Vlach, H. A., & DeBrock, C. A. (2017). Remember dax? Relations between children’s cross-situational word learning, memory, and language abilities. Journal of Memory and Language, 93, 217–230. https://doi.org/10.1016/j.jml.2016.10.001",Vlach & DeBrock (2017),10.1016/j.jml.2016.10.001,yes,Rodrigo Dal Ben,2,experimental,21,behavior,behavior,familiarization,false,FC,infant_all,target_selection,within_one,American English,typical,experimental,NA,53,NA,1567.3556,NA,7.64,6,2.01,NA,no,NA,NA,NA,NA,NA,NA,NA,artificial,NA,NA,1126.28,NA,26,NA,0.5849056604,NA,12,NA,NA,
filippi2017,"Filippi, P., Laaha, S., & Fitch, W. T. (2017). Utterance-final position and pitch marking aid word learning in school-age children. Royal Society Open Science, 4(8), 161035. https://doi.org/10.1098/rsos.161035","Filippi, Laaha, & Fitch (2017)",10.1098/rsos.161035,yes,Rodrigo Dal Ben,1,control,22,behavior,behavior,familiarization,false,FC,infant_all,target_selection,within_one,German,typical,filippi2017_control,NA,14,NA,3257.08,NA,34.02,33,9.447804653,NA,yes,M_CI_95,NA,NA,NA,NA,NA,NA,artificial,NA,NA,730.56,NA,NA,NA,0.619047619,NA,36,NA,NA,
filippi2017,"Filippi, P., Laaha, S., & Fitch, W. T. (2017). Utterance-final position and pitch marking aid word learning in school-age children. Royal Society Open Science, 4(8), 161035. https://doi.org/10.1098/rsos.161035","Filippi, Laaha, & Fitch (2017)",10.1098/rsos.161035,yes,Rodrigo Dal Ben,1,UF,23,behavior,behavior,familiarization,false,FC,infant_all,target_selection,within_one,German,typical,filippi2017_UF,NA,14,NA,3257.08,NA,39.81,33,9.802855057,NA,yes,M_CI_95,NA,NA,NA,NA,NA,NA,artificial,NA,NA,730.56,NA,NA,NA,0.619047619,NA,36,NA,NA,
filippi2017,"Filippi, P., Laaha, S., & Fitch, W. T. (2017). Utterance-final position and pitch marking aid word learning in school-age children. Royal Society Open Science, 4(8), 161035. https://doi.org/10.1098/rsos.161035","Filippi, Laaha, & Fitch (2017)",10.1098/rsos.161035,yes,Rodrigo Dal Ben,1,PP,24,behavior,behavior,familiarization,false,FC,infant_all,target_selection,within_one,German,typical,filippi2017_PP,NA,14,NA,3257.08,NA,47.86,33,15.34510527,NA,yes,M_CI_95,NA,NA,NA,NA,NA,NA,artificial,NA,NA,730.56,NA,NA,NA,0.619047619,NA,36,NA,NA,
filippi2017,"Filippi, P., Laaha, S., & Fitch, W. T. (2017). Utterance-final position and pitch marking aid word learning in school-age children. Royal Society Open Science, 4(8), 161035. https://doi.org/10.1098/rsos.161035","Filippi, Laaha, & Fitch (2017)",10.1098/rsos.161035,yes,Rodrigo Dal Ben,1,PP_UF,25,behavior,behavior,familiarization,false,FC,infant_all,target_selection,within_one,German,typical,filippi2017_PP_UF,NA,14,NA,3257.08,NA,54.68,33,16.88654361,NA,yes,M_CI_95,NA,NA,NA,NA,NA,NA,artificial,NA,NA,730.56,NA,NA,NA,0.619047619,NA,36,NA,NA,
fitneva2017,"Fitneva, S. A., & Christiansen, M. H. (2017). Developmental Changes in Cross-Situational Word Learning: The Inverse Effect of Initial Accuracy. Cognitive Science, 41, 141–161. https://doi.org/10.1111/cogs.12322",Fitneva & Christiansen (2017),10.1111/cogs.12322,yes,Rodrigo Dal Ben,1,48m,26,behavior,behavior,familiarization,false,FC,infant_all,target_selection,within_one,American English,typical,fitneva_48m,NA,35,NA,1704.64,NA,0.585,0.5,0.184520607,NA,yes,M_CI_95_pooled,NA,NA,NA,NA,NA,NA,artificial,NA,NA,334.84,NA,4,NA,0.6285714286,NA,15,NA,NA,
fitneva2017,"Fitneva, S. A., & Christiansen, M. H. (2017). Developmental Changes in Cross-Situational Word Learning: The Inverse Effect of Initial Accuracy. Cognitive Science, 41, 141–161. https://doi.org/10.1111/cogs.12322",Fitneva & Christiansen (2017),10.1111/cogs.12322,yes,Rodrigo Dal Ben,1,120m,27,behavior,behavior,familiarization,false,FC,infant_all,target_selection,within_one,American English,typical,fitneva_120m,NA,31,NA,3865.88,NA,0.68,0.5,0.2430859403,NA,yes,M_CI_95_pooled,NA,NA,NA,NA,NA,NA,artificial,NA,NA,426.16,NA,NA,NA,0.3548387097,NA,15,NA,NA,
hu2017,"Hu, C.-F. (2017). Resolving referential ambiguity across ambiguous situations in young foreign language learners. Applied Psycholinguistics, 38(3), 633–656. https://doi.org/10.1017/S0142716416000357",Hu (2017),10.1017/S0142716416000357,yes,Rodrigo Dal Ben,1,constrast,28,behavior,behavior,familiarization,false,FC,infant_all,target_selection,within_one,Mandarin,typical,hu2017_constrast,NA,60,NA,3226.64,NA,0.65625,0.2,0.23125,NA,no,NA,NA,NA,NA,NA,NA,NA,artificial,NA,NA,NA,NA,NA,NA,NA,NA,16,NA,NA,
hu2017,"Hu, C.-F. (2017). Resolving referential ambiguity across ambiguous situations in young foreign language learners. Applied Psycholinguistics, 38(3), 633–656. https://doi.org/10.1017/S0142716416000357",Hu (2017),10.1017/S0142716416000357,yes,Rodrigo Dal Ben,1,non_constrast,29,behavior,behavior,familiarization,false,FC,infant_all,target_selection,within_one,Mandarin,typical,hu2017_non_constrast,NA,60,NA,3226.64,NA,0.475,0.2,0.25625,NA,no,NA,NA,NA,NA,NA,NA,NA,artificial,NA,NA,NA,NA,NA,NA,NA,NA,16,NA,NA,
hu2017,"Hu, C.-F. (2017). Resolving referential ambiguity across ambiguous situations in young foreign language learners. Applied Psycholinguistics, 38(3), 633–656. https://doi.org/10.1017/S0142716416000357",Hu (2017),10.1017/S0142716416000357,yes,Rodrigo Dal Ben,2,interleaved,30,behavior,behavior,familiarization,false,FC,infant_all,target_selection,within_one,Mandarin,typical,hu2017_interleaved,NA,63,NA,3226.64,NA,0.35625,0.2,0.2125,NA,no,NA,NA,NA,NA,NA,NA,NA,artificial,NA,NA,NA,NA,NA,NA,NA,NA,16,NA,NA,
hu2017,"Hu, C.-F. (2017). Resolving referential ambiguity across ambiguous situations in young foreign language learners. Applied Psycholinguistics, 38(3), 633–656. https://doi.org/10.1017/S0142716416000357",Hu (2017),10.1017/S0142716416000357,yes,Rodrigo Dal Ben,2,massed,31,behavior,behavior,familiarization,false,FC,infant_all,target_selection,within_one,Mandarin,typical,hu2017_massed,NA,60,NA,3226.64,NA,0.4,0.2,0.24375,NA,no,NA,NA,NA,NA,NA,NA,NA,artificial,NA,NA,NA,NA,NA,NA,NA,NA,16,NA,NA,
aravind2018,"Aravind, A., de Villiers, J., Pace, A., Valentine, H., Golinkoff, R., Hirsh-Pasek, K., … Sweig Wilson, M. (2018). Fast mapping word meanings across trials: Young children forget all but their first guess. Cognition, 177(April), 177–188. https://doi.org/10.1016/j.cognition.2018.04.008",Aravind et al. (2018),10.1016/j.cognition.2018.04.008,yes,Rodrigo Dal Ben,1,36m,32,behavior,behavior,familiarization,false,FC,infant_all,target_selection,within_one,American English,typical,aravind2018_36m,NA,213,NA,1278.48,NA,0.4325,0.25,0.3126,NA,yes,M_CI_95_pooled,NA,NA,NA,NA,NA,NA,artificial,https://github.com/a-aravind/WordLearning,https://github.com/a-aravind/WordLearning,334.84,NA,NA,NA,0.5508607199,NA,5,NA,NA,
aravind2018,"Aravind, A., de Villiers, J., Pace, A., Valentine, H., Golinkoff, R., Hirsh-Pasek, K., … Sweig Wilson, M. (2018). Fast mapping word meanings across trials: Young children forget all but their first guess. Cognition, 177(April), 177–188. https://doi.org/10.1016/j.cognition.2018.04.008",Aravind et al. (2018),10.1016/j.cognition.2018.04.008,yes,Rodrigo Dal Ben,1,48m,33,behavior,behavior,familiarization,false,FC,infant_all,target_selection,within_one,American English,typical,aravind2018_48m,NA,315,NA,1643.76,NA,0.49415,0.25,0.2923,NA,yes,M_CI_95_pooled,NA,NA,NA,NA,NA,NA,artificial,https://github.com/a-aravind/WordLearning,https://github.com/a-aravind/WordLearning,334.84,NA,NA,NA,0.3724867725,NA,5,NA,NA,
aravind2018,"Aravind, A., de Villiers, J., Pace, A., Valentine, H., Golinkoff, R., Hirsh-Pasek, K., … Sweig Wilson, M. (2018). Fast mapping word meanings across trials: Young children forget all but their first guess. Cognition, 177(April), 177–188. https://doi.org/10.1016/j.cognition.2018.04.008",Aravind et al. (2018),10.1016/j.cognition.2018.04.008,yes,Rodrigo Dal Ben,1,60m,34,behavior,behavior,familiarization,false,FC,infant_all,target_selection,within_one,American English,typical,aravind2018_60m,NA,146,NA,2009.04,NA,0.54525,0.25,0.2868,NA,yes,,NA,NA,NA,NA,NA,NA,artificial,https://github.com/a-aravind/WordLearning,https://github.com/a-aravind/WordLearning,334.84,NA,NA,NA,0.803652968,NA,5,NA,NA,
aravind2018,"Aravind, A., de Villiers, J., Pace, A., Valentine, H., Golinkoff, R., Hirsh-Pasek, K., … Sweig Wilson, M. (2018). Fast mapping word meanings across trials: Young children forget all but their first guess. Cognition, 177(April), 177–188. https://doi.org/10.1016/j.cognition.2018.04.008",Aravind et al. (2018),10.1016/j.cognition.2018.04.008,yes,Rodrigo Dal Ben,2,36m_english,35,behavior,behavior,familiarization,false,FC,infant_all,target_selection,within_one,American English,typical,aravind2018_36m_english,NA,74.5,NA,1278.48,NA,0.42415,0.25,0.276,NA,yes,M_CI_95_pooled,NA,NA,NA,NA,NA,NA,artificial,https://github.com/a-aravind/WordLearning,https://github.com/a-aravind/WordLearning,334.84,NA,NA,NA,0.6375838926,NA,4,NA,NA,
aravind2018,"Aravind, A., de Villiers, J., Pace, A., Valentine, H., Golinkoff, R., Hirsh-Pasek, K., … Sweig Wilson, M. (2018). Fast mapping word meanings across trials: Young children forget all but their first guess. Cognition, 177(April), 177–188. https://doi.org/10.1016/j.cognition.2018.04.008",Aravind et al. (2018),10.1016/j.cognition.2018.04.008,yes,Rodrigo Dal Ben,2,48m_english,36,behavior,behavior,familiarization,false,FC,infant_all,target_selection,within_one,American English,typical,aravind2018_48m_english,NA,116.5,NA,1643.76,NA,0.46605,0.25,0.264,NA,yes,M_CI_95_pooled,NA,NA,NA,NA,NA,NA,artificial,https://github.com/a-aravind/WordLearning,https://github.com/a-aravind/WordLearning,334.84,NA,NA,NA,0.4077253219,NA,4,NA,NA,
aravind2018,"Aravind, A., de Villiers, J., Pace, A., Valentine, H., Golinkoff, R., Hirsh-Pasek, K., … Sweig Wilson, M. (2018). Fast mapping word meanings across trials: Young children forget all but their first guess. Cognition, 177(April), 177–188. https://doi.org/10.1016/j.cognition.2018.04.008",Aravind et al. (2018),10.1016/j.cognition.2018.04.008,yes,Rodrigo Dal Ben,2,60m_english,37,behavior,behavior,familiarization,false,FC,infant_all,target_selection,within_one,American English,typical,aravind2018_60m_english,NA,93,NA,2009.04,NA,0.4873,0.25,0.256,NA,yes,M_CI_95_pooled,NA,NA,NA,NA,NA,NA,artificial,https://github.com/a-aravind/WordLearning,https://github.com/a-aravind/WordLearning,334.84,NA,NA,NA,0.5107526882,NA,4,NA,NA,
aravind2018,"Aravind, A., de Villiers, J., Pace, A., Valentine, H., Golinkoff, R., Hirsh-Pasek, K., … Sweig Wilson, M. (2018). Fast mapping word meanings across trials: Young children forget all but their first guess. Cognition, 177(April), 177–188. https://doi.org/10.1016/j.cognition.2018.04.008",Aravind et al. (2018),10.1016/j.cognition.2018.04.008,yes,Rodrigo Dal Ben,2,36m_spanish,38,behavior,behavior,familiarization,false,FC,infant_all,target_selection,within_one,American English,typical,aravind2018_36m_spanish,NA,74.5,NA,1278.48,NA,0.42085,0.25,0.285,NA,yes,M_CI_95_pooled,NA,NA,NA,NA,NA,NA,artificial,https://github.com/a-aravind/WordLearning,https://github.com/a-aravind/WordLearning,334.84,NA,NA,NA,0.6375838926,NA,4,NA,NA,
aravind2018,"Aravind, A., de Villiers, J., Pace, A., Valentine, H., Golinkoff, R., Hirsh-Pasek, K., … Sweig Wilson, M. (2018). Fast mapping word meanings across trials: Young children forget all but their first guess. Cognition, 177(April), 177–188. https://doi.org/10.1016/j.cognition.2018.04.008",Aravind et al. (2018),10.1016/j.cognition.2018.04.008,yes,Rodrigo Dal Ben,2,48m_spanish,39,behavior,behavior,familiarization,false,FC,infant_all,target_selection,within_one,American English,typical,aravind2018_48m_spanish,NA,116.5,NA,1643.76,NA,0.39025,0.25,0.293,NA,yes,M_CI_95_pooled,NA,NA,NA,NA,NA,NA,artificial,https://github.com/a-aravind/WordLearning,https://github.com/a-aravind/WordLearning,334.84,NA,NA,NA,0.4077253219,NA,4,NA,NA,
aravind2018,"Aravind, A., de Villiers, J., Pace, A., Valentine, H., Golinkoff, R., Hirsh-Pasek, K., … Sweig Wilson, M. (2018). Fast mapping word meanings across trials: Young children forget all but their first guess. Cognition, 177(April), 177–188. https://doi.org/10.1016/j.cognition.2018.04.008",Aravind et al. (2018),10.1016/j.cognition.2018.04.008,yes,Rodrigo Dal Ben,2,60m_spanish,40,behavior,behavior,familiarization,false,FC,infant_all,target_selection,within_one,American English,typical,aravind2018_60m_spanish,NA,93,NA,2009.04,NA,0.46935,0.25,0.270,NA,yes,M_CI_95_pooled,NA,NA,NA,NA,NA,NA,artificial,https://github.com/a-aravind/WordLearning,https://github.com/a-aravind/WordLearning,334.84,NA,NA,NA,0.5107526882,NA,4,NA,NA,
roembke2018,"Roembke, T. C., Wiggs, K. K., & McMurray, B. (2018). Symbolic flexibility during unsupervised word learning in children and adults. Journal of Experimental Child Psychology, 175, 17–36. https://doi.org/10.1016/j.jecp.2018.05.016","Roembke, Wiggs, & McMurray (2018)",10.1016/j.jecp.2018.05.016,yes,Rodrigo Dal Ben,1,word,41,behavior,behavior,test_only,false,FC,infant_all,target_selection,within_one,American English,typical,roembke2018_word,NA,24,NA,2459.552,NA,0.55,0.33,0.4809874842,NA,yes,SE_pooled,NA,NA,NA,NA,NA,NA,artificial,NA,https://doi. org/10.1016/j.jecp.2018.05.016 ,NA,NA,1,NA,0.4166666667,NA,360,NA,NA,
roembke2018,"Roembke, T. C., Wiggs, K. K., & McMurray, B. (2018). Symbolic flexibility during unsupervised word learning in children and adults. Journal of Experimental Child Psychology, 175, 17–36. https://doi.org/10.1016/j.jecp.2018.05.016","Roembke, Wiggs, & McMurray (2018)",10.1016/j.jecp.2018.05.016,yes,Rodrigo Dal Ben,1,sound,42,behavior,behavior,test_only,false,FC,infant_all,target_selection,within_one,American English,typical,roembke2018_sound,NA,23,NA,2459.552,NA,0.57,0.33,0.4374812263,NA,yes,SE_pooled,NA,NA,NA,NA,NA,NA,artificial,NA,https://doi. org/10.1016/j.jecp.2018.05.017,NA,NA,2,NA,0.4347826087,NA,360,NA,NA,
ramscar2013,"Ramscar, M., Dye, M., & Klein, J. (2013). Children Value Informativity Over Logic in Word Learning. Psychological Science, 24(6), 1017–1023. https://doi.org/10.1177/0956797612460691","Ramscar, Dye, & Klein (2013)",10.1177/0956797612460691,yes,Rodrigo Dal Ben,1,object_1,43,behavior,behavior,familiarization,false,FC,infant_all,target_selection,within_one,American English,typical,ramscar2013_obj_1,NA,21,NA,852.32,NA,67,33,41.83891609,NA,yes,SE,4.532,NA,NA,NA,NA,NA,artificial,NA,http://pss .sagepub.com/content/by/supplemental-data,365.28,NA,NA,NA,0.5714285714,NA,18,NA,NA,
ramscar2013,"Ramscar, M., Dye, M., & Klein, J. (2013). Children Value Informativity Over Logic in Word Learning. Psychological Science, 24(6), 1017–1023. https://doi.org/10.1177/0956797612460691","Ramscar, Dye, & Klein (2013)",10.1177/0956797612460691,yes,Rodrigo Dal Ben,1,object_2,43,behavior,behavior,familiarization,false,FC,infant_all,target_selection,within_one,American English,typical,ramscar2013_obj_2,NA,21,NA,852.32,NA,17,33,41.28900701,NA,yes,SE,2.858,NA,NA,NA,NA,NA,artificial,NA,http://pss .sagepub.com/content/by/supplemental-data,365.28,NA,NA,NA,0.5714285714,NA,18,NA,NA,
ramscar2013,"Ramscar, M., Dye, M., & Klein, J. (2013). Children Value Informativity Over Logic in Word Learning. Psychological Science, 24(6), 1017–1023. https://doi.org/10.1177/0956797612460691","Ramscar, Dye, & Klein (2013)",10.1177/0956797612460691,yes,Rodrigo Dal Ben,1,object_3,43,behavior,behavior,familiarization,false,FC,infant_all,target_selection,within_one,American English,typical,ramscar2013_obj_3,NA,21,NA,852.32,NA,62,33,41.83891609,NA,yes,SE,3.421,NA,NA,NA,NA,NA,artificial,NA,http://pss .sagepub.com/content/by/supplemental-data,365.28,NA,NA,NA,0.5714285714,NA,18,NA,NA,
smith2013,"Smith, L. B., & Yu, C. (2013). Visual Attention Is Not Enough: Individual Differences in Statistical Word-Referent Learning in Infants. Language Learning and Development, 9(1), 25–49. https://doi.org/10.1080/15475441.2012.707104",Smith & Yu (2013),10.1080/15475441.2012.707104,yes,Rodrigo Dal Ben,1,smith2013_12,44,eye-tracking,gaze_manual,familiarization,false,looking_while_listening,fixed,looking_time_change_pc,within_two,American English,typical,smith2013_12_target,smith2013_12_distractor,24,NA,365.28,NA,0.43,0.38,NA,NA,no,NA,1.2,NA,NA,NA,NA,NA,artificial,NA,NA,60.88,NA,1.5,NA,0.5,NA,12,NA,NA,
smith2013,"Smith, L. B., & Yu, C. (2013). Visual Attention Is Not Enough: Individual Differences in Statistical Word-Referent Learning in Infants. Language Learning and Development, 9(1), 25–49. https://doi.org/10.1080/15475441.2012.707104",Smith & Yu (2013),10.1080/15475441.2012.707104,yes,Rodrigo Dal Ben,1,smith2013_14,45,eye-tracking,gaze_manual,familiarization,false,looking_while_listening,fixed,looking_time_change_pc,within_two,American English,typical,smith2013_14_target,smith2013_14_distractor,24,NA,426.16,NA,0.39,0.33,NA,NA,no,NA,1.2,NA,NA,NA,NA,NA,artificial,NA,NA,60.88,NA,1.5,NA,0.5,NA,12,NA,NA,
benitez2020,"Benitez, V. L., Zettersten, M., & Wojcik, E. (2020). The temporal structure of naming events differentially affects children’s and adults’ cross-situational word learning. Journal of Experimental Child Psychology, 200, 104961. https://doi.org/10.1016/j.jecp.2020.104961","Benitez et al., 2020",10.1016/j.jecp.2020.104961 ,yes,Tiffany Kanen,1,benitez2020_1_unstructured,46,behavior,behavior,familiarization,false,FC,infant_all,target_selection,within_one,American English,typical,benitez_1_unstructured,NA,30,NA,2092.8825,NA,0.56,0.5,0.22,NA,no,NA,NA,NA,NA,NA,NA,NA,artificial,https://osf.io/feg6d,https:// osf.io/2hmxr ,1387.95,NA,6,NA,0.6,NA,8,NA,NA,
benitez2020,"Benitez, V. L., Zettersten, M., & Wojcik, E. (2020). The temporal structure of naming events differentially affects children’s and adults’ cross-situational word learning. Journal of Experimental Child Psychology, 200, 104961. https://doi.org/10.1016/j.jecp.2020.104961","Benitez et al., 2020",10.1016/j.jecp.2020.104961 ,yes,Tiffany Kanen,2,benitez2020_2_massed,47,behavior,behavior,familiarization,false,FC,infant_all,target_selection,within_one,American English,typical,benitez_2_massed,NA,40,NA,2114.7975,NA,0.67,0.5,0.22,NA,no,NA,NA,NA,NA,NA,NA,NA,artificial,https://osf.io/feg6d,https:// osf.io/2hmxr ,1424.475,NA,5,NA,0.7,NA,8,NA,NA,
benitez2020,"Benitez, V. L., Zettersten, M., & Wojcik, E. (2020). The temporal structure of naming events differentially affects children’s and adults’ cross-situational word learning. Journal of Experimental Child Psychology, 200, 104961. https://doi.org/10.1016/j.jecp.2020.104961","Benitez et al., 2020",10.1016/j.jecp.2020.104961 ,yes,Tiffany Kanen,2,benitez2020_2_interleaved,48,behavior,behavior,familiarization,false,FC,infant_all,target_selection,within_one,American English,typical,benitez_2_interleaved,NA,40,NA,2169.585,NA,0.64,0.5,0.21,NA,no,NA,NA,NA,NA,NA,NA,NA,artificial,https://osf.io/feg6d,https:// osf.io/2hmxr ,1424.475,NA,6,NA,0.7,NA,8,NA,NA,
chen2022,"Chen, C., & Yu, C. (2022). Building lexical networks: Preschoolers extract different types of information in cross-situational learning. Journal of Experimental Child Psychology, 220, 105430. https://doi.org/10.1016/j.jecp.2022.105430","Chen & Yu, 2022",10.1016/j.jecp.2022.105430,yes,Tiffany Kanen,1,chen2022_1_same_category,49,behavior,behavior,familiarization,false,FC,infant_all,target_selection,within_one,American English,typical,chen2022_same_category,NA,33,NA,1786.828,NA,4.06,2,1.73,NA,no,NA,NA,NA,NA,NA,NA,NA,artificial,https://osf.io/feg6d,https://osf. io/gsu94,NA,NA,1,NA,0.5,NA,8,NA,NA,
chen2022,"Chen, C., & Yu, C. (2022). Building lexical networks: Preschoolers extract different types of information in cross-situational learning. Journal of Experimental Child Psychology, 220, 105430. https://doi.org/10.1016/j.jecp.2022.105430","Chen & Yu, 2022",10.1016/j.jecp.2022.105430,yes,Tiffany Kanen,1,chen2022_1_different_category,50,behavior,behavior,familiarization,false,FC,infant_all,target_selection,within_one,American English,typical,chen2022_different_category,NA,32,NA,1786.828,NA,3.53,2,1.72,NA,no,NA,NA,NA,NA,NA,NA,NA,artificial,https://osf.io/feg6d,https://osf. io/gsu94,NA,NA,2,NA,0.5,NA,8,NA,NA,
cheung2022,"Cheung, R., Hartley, C., & Monaghan, P. (2022). Multiple Mechanisms of Word Learning in Late-Talking Children: A Longitudinal Study. JOURNAL OF SPEECH LANGUAGE AND HEARING RESEARCH, 65(8), 2978–2995. https://doi.org/10.1044/2022_JSLHR-21-00610","Cheung et al., 2022",10.1044/2022_JSLHR-21-00610,yes,Tiffany Kanen,1,cheung2022_1_training_td,51,behavior,behavior,test_only,false,FC,infant_all,target_selection,wihtin_one,American English,typical,cheung2022_1_training_TD,NA,19,NA,933.21375,NA,0.63,0.5,0.08717797887,NA,no,NA,3.94,NA,NA,NA,NA,NA,artificial,https://osf.io/feg6d,https://osf.io/feg6d,770.6775,NA,NA,NA,NA,NA,32,NA,NA,
cheung2022,"Cheung, R., Hartley, C., & Monaghan, P. (2022). Multiple Mechanisms of Word Learning in Late-Talking Children: A Longitudinal Study. JOURNAL OF SPEECH LANGUAGE AND HEARING RESEARCH, 65(8), 2978–2995. https://doi.org/10.1044/2022_JSLHR-21-00610","Cheung et al., 2022",10.1044/2022_JSLHR-21-00610,yes,Tiffany Kanen,1,cheung2022_1_training_lt,52,behavior,behavior,test_only,false,FC,infant_all,target_selection,wihtin_one,American English,late talkers,cheung2022_1_training_LT,NA,8,NA,933.21375,NA,0.62,0.5,0.08485281374,NA,no,NA,3.39,NA,NA,NA,NA,NA,artificial,https://osf.io/feg6d,https://osf.io/feg6d,770.6775,NA,NA,NA,NA,NA,32,NA,NA,
cheung2022,"Cheung, R., Hartley, C., & Monaghan, P. (2022). Multiple Mechanisms of Word Learning in Late-Talking Children: A Longitudinal Study. JOURNAL OF SPEECH LANGUAGE AND HEARING RESEARCH, 65(8), 2978–2995. https://doi.org/10.1044/2022_JSLHR-21-00610","Cheung et al., 2022",10.1044/2022_JSLHR-21-00610,yes,Tiffany Kanen,1,cheung2022_1_retention_td,51,behavior,behavior,test_only,false,FC,infant_all,target_selection,within_one,American English,typical,cheung2022_1_retention_TD,NA,19,NA,933.21375,NA,0.52,0.33,0.1743559577,NA,no,NA,3.87,NA,NA,NA,NA,NA,artificial,https://osf.io/feg6d,https://osf.io/feg6d,770.6775,NA,NA,NA,NA,NA,8,NA,NA,
cheung2022,"Cheung, R., Hartley, C., & Monaghan, P. (2022). Multiple Mechanisms of Word Learning in Late-Talking Children: A Longitudinal Study. JOURNAL OF SPEECH LANGUAGE AND HEARING RESEARCH, 65(8), 2978–2995. https://doi.org/10.1044/2022_JSLHR-21-00610","Cheung et al., 2022",10.1044/2022_JSLHR-21-00610,yes,Tiffany Kanen,1,cheung2022_1_retention_lt,52,behavior,behavior,test_only,false,FC,infant_all,target_selection,within_one,American English,late talkers,cheung2022_1_retention_LT,NA,6,NA,933.21375,NA,0.31,0.33,0.171464282,NA,no,NA,-0.33,NA,NA,NA,NA,NA,artificial,https://osf.io/feg6d,https://osf.io/feg6d,770.6775,NA,NA,NA,NA,NA,8,NA,NA,
crespo2021,"Crespo, K., & Kaushanskaya, M. (2021). Is 10 Better than 1? The Effect of Speaker Variability on Children’s Cross-Situational Word Learning. LANGUAGE LEARNING AND DEVELOPMENT, 17(4), 397–410. https://doi.org/10.1080/15475441.2021.1906680","Crespo & Kaushanskaya, 2021",10.1080/15475441.2021.1906680,yes,Tiffany Kanen,1,monolingual_single_speaker,53,behavior,behavior,familiarization,false,FC,infant_all,target_selection,within_one,American English,typical,crespo2021_1_mono_single_speaker,NA,40,NA,2092.8825,NA,0.63,0.5,0.15,NA,no,NA,5.7,NA,NA,NA,NA,NA,artificial,NA,NA,1095.75,NA,6,NA,NA,NA,12,NA,NA,
crespo2021,"Crespo, K., & Kaushanskaya, M. (2021). Is 10 Better than 1? The Effect of Speaker Variability on Children’s Cross-Situational Word Learning. LANGUAGE LEARNING AND DEVELOPMENT, 17(4), 397–410. https://doi.org/10.1080/15475441.2021.1906680","Crespo & Kaushanskaya, 2021",10.1080/15475441.2021.1906680,yes,Tiffany Kanen,1,monolingual_multiple_speaker,53,behavior,behavior,familiarization,false,FC,infant_all,target_selection,within_one,American English,typical,crespo2021_1_mono_multiple_speaker,NA,40,NA,2092.8825,NA,0.61,0.5,0.16,NA,no,NA,4.3,NA,NA,NA,NA,NA,artificial,NA,NA,1095.75,NA,NA,NA,NA,NA,12,NA,NA,
crespo2021,"Crespo, K., & Kaushanskaya, M. (2021). Is 10 Better than 1? The Effect of Speaker Variability on Children’s Cross-Situational Word Learning. LANGUAGE LEARNING AND DEVELOPMENT, 17(4), 397–410. https://doi.org/10.1080/15475441.2021.1906680","Crespo & Kaushanskaya, 2021",10.1080/15475441.2021.1906680,yes,Tiffany Kanen,1,biliingual_single_speaker,54,behavior,behavior,familiarization,false,FC,infant_all,target_selection,within_one,"Spanish, American English, Bilinguals",typical,crespo2021_1_bi_single_speaker,NA,40,NA,2136.7125,NA,0.57,0.5,0.13,NA,no,NA,3.49,NA,NA,NA,NA,NA,artificial,NA,NA,1095.75,NA,NA,NA,NA,NA,12,NA,NA,
crespo2021,"Crespo, K., & Kaushanskaya, M. (2021). Is 10 Better than 1? The Effect of Speaker Variability on Children’s Cross-Situational Word Learning. LANGUAGE LEARNING AND DEVELOPMENT, 17(4), 397–410. https://doi.org/10.1080/15475441.2021.1906680","Crespo & Kaushanskaya, 2021",10.1080/15475441.2021.1906680,yes,Tiffany Kanen,1,biliingual_multiple_speaker,54,behavior,behavior,familiarization,false,FC,infant_all,target_selection,within_one,"Spanish, American English, Bilinguals",typical,crespo2021_1_bi_multiple_speaker,NA,40,NA,2136.7125,NA,0.56,0.5,0.14,NA,no,NA,2.57,NA,NA,NA,NA,NA,artificial,NA,NA,1095.75,NA,NA,NA,NA,NA,12,NA,NA,
zettersten2020,"Zettersten, M., & Saffran, J. R. (2020). Sampling to learn words: Adults and children sample words that reduce referential ambiguity. Developmental Science. https://doi.org/10.1111/desc.13064","Zettersten & Saffran, 2020",10.1111/desc.13064,yes,Tiffany Kanen,2,zetterstten2020_2_disambiguous,55,behavior,behavior,familiarization,false,FC,infant_all,target_selection,within_one,American English,typical,zetterstten2020_2_disambiguous,NA,38,NA,2154.975,NA,0.34,0.167,0.2830598267,NA,no,NA,NA,NA,NA,NA,NA,NA,artificial,https://osf.io/udmvh/,https://osf.io/udmvh/,1461,NA,NA,NA,0.5,NA,3,NA,NA,
zettersten2020,"Zettersten, M., & Saffran, J. R. (2020). Sampling to learn words: Adults and children sample words that reduce referential ambiguity. Developmental Science. https://doi.org/10.1111/desc.13064","Zettersten & Saffran, 2021",10.1111/desc.13064,yes,Tiffany Kanen,2,zetterstten2020_2_ambiguous,55,behavior,behavior,familiarization,false,FC,infant_all,target_selection,within_one,American English,typical,zetterstten2020_2_ambiguous,NA,38,NA,2154.975,NA,0.49,0.167,0.2673342807,NA,no,NA,NA,NA,NA,NA,NA,NA,artificial,https://osf.io/udmvh/,https://osf.io/udmvh/,1461,NA,2,NA,0.5,NA,3,NA,NA,
zettersten2020,"Zettersten, M., & Saffran, J. R. (2020). Sampling to learn words: Adults and children sample words that reduce referential ambiguity. Developmental Science. https://doi.org/10.1111/desc.13064","Zettersten & Saffran, 2022",10.1111/desc.13064,yes,Tiffany Kanen,3,zetterstten2020_3_mutual_exclusivity,56,behavior,behavior,familiarization,false,FC,infant_all,target_selection,within_one,American English,typical,zetterstten2020_3_mutual_exclusivity,NA,56,NA,2008.875,NA,0.62,0.167,0.324531508,NA,no,NA,NA,NA,NA,NA,NA,NA,artificial,https://osf.io/udmvh/,https://osf.io/udmvh/,1680.15,NA,NA,NA,0.5892857143,NA,3,NA,NA,
zettersten2020,"Zettersten, M., & Saffran, J. R. (2020). Sampling to learn words: Adults and children sample words that reduce referential ambiguity. Developmental Science. https://doi.org/10.1111/desc.13064","Zettersten & Saffran, 2023",10.1111/desc.13064,yes,Tiffany Kanen,3,zetterstten2020_3_ambiguous,56,behavior,behavior,familiarization,false,FC,infant_all,target_selection,within_one,American English,typical,zetterstten2020_3_ambiguous,NA,56,NA,2008.875,NA,0.54,0.167,0.324531508,NA,no,NA,NA,NA,NA,NA,NA,NA,artificial,https://osf.io/udmvh/,https://osf.io/udmvh/,1680.15,NA,2,NA,0.5892857143,NA,3,NA,NA,
vlach2019,"Vlach, H., & DeBrock, C. (2019). Statistics Learned Are Statistics Forgotten: Children’s Retention an Retrieval of Cross-Situational Word Learning. JOURNAL OF EXPERIMENTAL PSYCHOLOGY-LEARNING MEMORY AND COGNITION, 45(4), 700–711. https://doi.org/10.1037/xlm0000611","Vlach & DeBrock, 2019",10.1037/xlm0000611,yes,Tiffany Kanen,1,vlach2019_1_interleaved,57,behavior,behavior,familiarization,false,FC,infant_all,target_selection,within_one,American English,typical,vlach2019_1_interleaved,NA,75,NA,1205.1196,NA,3.64,3,0.981,NA,no,NA,5.65,NA,NA,0.65,NA,NA,artificial,NA,NA,1004.52,NA,2,NA,0.48,NA,6,NA,NA,
vlach2019,"Vlach, H., & DeBrock, C. (2019). Statistics Learned Are Statistics Forgotten: Children’s Retention an Retrieval of Cross-Situational Word Learning. JOURNAL OF EXPERIMENTAL PSYCHOLOGY-LEARNING MEMORY AND COGNITION, 45(4), 700–711. https://doi.org/10.1037/xlm0000611","Vlach & DeBrock, 2020",10.1037/xlm0000611,yes,Tiffany Kanen,1,vlach2019_1_massed,57,behavior,behavior,familiarization,false,FC,infant_all,target_selection,within_one,American English,typical,vlach2019_1_massed,NA,75,NA,1205.1196,NA,3.17,3,1.132,NA,no,NA,NA,NA,NA,NA,NA,NA,artificial,NA,NA,1004.52,NA,2,NA,0.48,NA,6,NA,NA,
vlach2019,"Vlach, H., & DeBrock, C. (2019). Statistics Learned Are Statistics Forgotten: Children’s Retention an Retrieval of Cross-Situational Word Learning. JOURNAL OF EXPERIMENTAL PSYCHOLOGY-LEARNING MEMORY AND COGNITION, 45(4), 700–711. https://doi.org/10.1037/xlm0000611","Vlach & DeBrock, 2021",10.1037/xlm0000611,yes,Tiffany Kanen,2,vlach2019_2_interleaved,58,behavior,behavior,familiarization,false,FC,infant_all,target_selection,within_one,American English,typical,vlach2019_2_interleaved,NA,73,NA,1242.2564,NA,3.48,3,1.069,NA,no,NA,3.83,NA,NA,0.45,NA,NA,artificial,NA,NA,1339.36,NA,5,NA,0.4931506849,NA,6,NA,NA,
vlach2019,"Vlach, H., & DeBrock, C. (2019). Statistics Learned Are Statistics Forgotten: Children’s Retention an Retrieval of Cross-Situational Word Learning. JOURNAL OF EXPERIMENTAL PSYCHOLOGY-LEARNING MEMORY AND COGNITION, 45(4), 700–711. https://doi.org/10.1037/xlm0000611","Vlach & DeBrock, 2022",10.1037/xlm0000611,yes,TIffany Kanen,2,vlach2019_2_massed,58,behavior,behavior,familiarization,false,FC,infant_all,target_selection,within_one,American English,typical,vlach2019_2_massed,NA,73,NA,1242.2564,NA,3,3,1.344,NA,no,NA,NA,NA,NA,NA,NA,NA,artificial,NA,NA,1339.36,NA,5,NA,0.4931506849,NA,6,NA,NA,
venker2019,"Venker, C. E. (2019). Cross-situational and ostensive word learning in children with and without autism spectrum disorder. Cognition, 183, 181–191. https://doi.org/10.1016/j.cognition.2018.10.025","Venker, 2019",10.1016/j.cognition.2018.10.025,yes,TIffany Kanen,1,venker2019_td,59,eye_tracking,gaze_automatic,familiarization,false,looking_while_listening,fixed,looking_time_change_pc,within_one,American English,typical,venker2019_TD,NA,21,NA,1765.52,NA,0.6,0.5,0.15,NA,no,NA,3.16,NA,NA,0.67,NA,NA,artificial,NA,NA,1948.16,NA,3,NA,0.2857142857,NA,16,NA,NA,
venker2019,"Venker, C. E. (2019). Cross-situational and ostensive word learning in children with and without autism spectrum disorder. Cognition, 183, 181–191. https://doi.org/10.1016/j.cognition.2018.10.025","Venker, 2020",10.1016/j.cognition.2018.10.025,yes,TIffany Kanen,1,venker2019_asd,60,eye_tracking,gaze_automatic,familiarization,false,looking_while_listening,fixed,looking_time_change_pc,within_one,American English,ASD,venker2019_ASD,NA,18,NA,2313.44,NA,0.61,0.5,0.16,NA,no,NA,2.83,NA,NA,0.69,NA,NA,artificial,NA,NA,1430.68,NA,9,NA,0,NA,16,NA,NA,
mangardich2022,"Mangardich, H., & Sabbagh, M. A. (2022). Event-related potential studies of cross-situational word learning in four-year-old children. Journal of Experimental Child Psychology, 222. https://doi.org/10.1016/j.jecp.2022.105468","Mangardich & Sabbagh, 2022",10.1016/j.jecp.2022.105468,yes,TIffany Kanen,1,mangardich2022_1_delayed_comprehension_test,61,behavior,behavior,familiarization,false,FC,infant_all,target_selection,within_one,American English,typical,mangardich2022_1_delayed_comprehension_test,NA,14,NA,1552.44,NA,5.93,4,0.5878775383,NA,no,NA,7.77,NA,NA,2.1,NA,NA,artificial,https://osf.io/b7znx/,https://osf.io/b7znx/,395.72,NA,6,NA,0.5714285714,NA,8,NA,NA,
mangardich2022,"Mangardich, H., & Sabbagh, M. A. (2022). Event-related potential studies of cross-situational word learning in four-year-old children. Journal of Experimental Child Psychology, 222. https://doi.org/10.1016/j.jecp.2022.105468","Mangardich & Sabbagh, 2023",10.1016/j.jecp.2022.105468,yes,TIffany Kanen,2,mangardich2022_2_delayed_comprehension_test,62,behavior,behavior,familiarization,false,FC,infant_all,target_selection,within_one,American English,typical,mangardich2022_2_delayed_comprehension_test,NA,17,NA,1552.44,NA,4.94,4,0.7103520254,NA,no,NA,3.24,NA,NA,0.78,NA,NA,artificial,https://osf.io/b7znx/,https://osf.io/b7znx/,243.52,NA,3,NA,0.4705882353,NA,8,NA,NA,
mani2021,"Mani, N., Schreiner, M. S., Brase, J., Köhler, K., Strassen, K., Postin, D., & Schultze, T. (2021). Sequential bayes factor designs in developmental research: Studies on early word learning. Developmental Science. http://ezproxy.acnuc.talonline.ca/login?url=https://search.ebscohost.com/login.aspx?direct=true&db=psyh&AN=2021-21929-001&site=ehost-live","Mani et al., 2021",10.1111/desc.13097,yes,TIffany Kanen,1,mani2021_cswl,63,eye_tracking,gaze_automatic,familiarization,false,looking_while_listening,fixed,looking_time,within_two,German,typical,mani2021_target,mani2021_distractor,43,NA,388.7188,NA,2781,2709,791,718,no,NA,0.43,NA,NA,0.06,NA,NA,artificial,https://osf.io/kpsy3/,https://osf.io/kpsy3/,69.7076,NA,12,NA,0.488372093,NA,12,NA,NA,
trecca2018,"Trecca, F., Bleses, D., Madsen, T. O., & Christiansen, M. H. (2018). Does sound structure affect word learning? An eye-tracking study of Danish learning toddlers. Journal of Experimental Child Psychology, 167, 180–203. https://doi.org/10.1016/j.jecp.2017.10.011","Trecca et al., 2018",10.1016/j.jecp.2017.10.011,yes,TIffany Kanen,1,trecca2018_training_novel_ambiguous_syf,65,eye_tracking,gaze_automatic,test_only,false,looking_while_listening,fixed,looking_time,within_one,Danish,typical,trecca2018_training_novel_ambiguous_syf,NA,57,NA,913.125,NA,0.32,0.5,0.2,NA,yes,IQR,-4.9,NA,NA,NA,NA,NA,artificial,NA,NA,40.1775,NA,1,NA,0.3333333333,NA,2,NA,NA,
trecca2018,"Trecca, F., Bleses, D., Madsen, T. O., & Christiansen, M. H. (2018). Does sound structure affect word learning? An eye-tracking study of Danish learning toddlers. Journal of Experimental Child Psychology, 167, 180–203. https://doi.org/10.1016/j.jecp.2017.10.011","Trecca et al., 2018",10.1016/j.jecp.2017.10.011,yes,TIffany Kanen,1,trecca2018_training_novel_ambiguous_naf,65,eye_tracking,gaze_automatic,test_only,false,looking_while_listening,fixed,looking_time,within_one,Danish,typical,trecca2018_training_novel_ambiguous_naf,NA,57,NA,913.125,NA,0.32,0.5,0.23,NA,yes,IQR,-4.9,NA,NA,NA,NA,NA,artificial,NA,NA,40.1775,NA,1,NA,0.3333333333,NA,2,NA,NA,
trecca2018,"Trecca, F., Bleses, D., Madsen, T. O., & Christiansen, M. H. (2018). Does sound structure affect word learning? An eye-tracking study of Danish learning toddlers. Journal of Experimental Child Psychology, 167, 180–203. https://doi.org/10.1016/j.jecp.2017.10.011","Trecca et al., 2018",10.1016/j.jecp.2017.10.011,yes,TIffany Kanen,1,trecca2018_test_trial_syf,65,eye_tracking,gaze_automatic,test_only,false,looking_while_listening,fixed,looking_time,within_one,Danish,typical,trecca2018_test_trial_syf,NA,40,NA,913.125,NA,0.53,0.5,0.23,NA,yes,IQR,0.7,NA,NA,NA,NA,NA,artificial,NA,NA,40.1775,NA,1,NA,0.3333333333,NA,2,NA,NA,
trecca2018,"Trecca, F., Bleses, D., Madsen, T. O., & Christiansen, M. H. (2018). Does sound structure affect word learning? An eye-tracking study of Danish learning toddlers. Journal of Experimental Child Psychology, 167, 180–203. https://doi.org/10.1016/j.jecp.2017.10.011","Trecca et al., 2018",10.1016/j.jecp.2017.10.011,yes,TIffany Kanen,1,trecca2018_test_trial_naf,65,eye_tracking,gaze_automatic,test_only,false,looking_while_listening,fixed,looking_time,within_one,Danish,typical,trecca2018_test_trial_naf,NA,40,NA,913.125,NA,0.53,0.5,0.22,NA,yes,IQR,0.7,NA,NA,NA,NA,NA,artificial,NA,NA,40.1775,NA,1,NA,0.3333333333,NA,2,NA,NA,
mcgregor2022,"McGregor, K. K., Smolak, E., Jones, M., Oleson, J., Eden, N., Arbisi-Kelm, T., & Pomper, R. (2022). What Children with Developmental Language Disorder Teach Us About Cross-Situational Word Learning. Cognitive Science, 46(2). https://doi.org/10.1111/cogs.13094","McGregor et al., 2022",10.1111/cogs.13094,yes,Tiffany Kanen,1,mcgregor2022_TD_accuracy,67,behavior,behavior,test_only,false,FC,infant_all,target_selection,within_one,American English,typical,mcgregor2022_TD_cswl_accuracy,NA,44,NA,2635.7996,NA,0.77,0.5,0.14,NA,no,NA,NA,NA,NA,NA,NA,NA,artificial,NA,https://osf.io/ u78pr,669.68,NA,NA,NA,NA,NA,72,NA,NA,
mcgregor2022,"McGregor, K. K., Smolak, E., Jones, M., Oleson, J., Eden, N., Arbisi-Kelm, T., & Pomper, R. (2022). What Children with Developmental Language Disorder Teach Us About Cross-Situational Word Learning. Cognitive Science, 46(2). https://doi.org/10.1111/cogs.13094","McGregor et al., 2022",10.1111/cogs.13094,yes,Tiffany Kanen,1,mcgregor2022_DLD_accuracy,68,behavior,behavior,test_only,false,FC,infant_all,target_selection,within_one,American English,DLD,mcgregor2022_DLD_cswl_accuracy,NA,28,NA,2638.5392,NA,0.62,0.5,0.18,NA,no,NA,NA,NA,NA,NA,NA,NA,artificial,NA,https://osf.io/ u78pr,730.56,NA,NA,NA,NA,NA,72,NA,NA,
hartley2020,"Hartley, C., Bird, L.-A., & Monaghan, P. (2020). Comparing cross-situational word learning, retention, and generalisation in children with autism and typical development. Cognition, 200, 104265. https://doi.org/10.1016/j.cognition.2020.104265","Hartley et al., 2020",10.1016/j.cognition.2020.104265,yes,TIffany Kanen,1,hartley2020_1_training_block_1_td,69,behavior,behavior,test_only,false,FC,infant_all,target_selection,within_one,American English,typical,hartley2020_1_training_block_1_td,NA,16,NA,2016.18,NA,0.67,0.5,0.2,NA,yes,M_SE,NA,NA,NA,NA,NA,NA,artificial,NA,http://reshare.ukdataservice.ac.uk/853520/,2575.0125,NA,NA,NA,0.5625,NA,24,NA,NA,
hartley2020,"Hartley, C., Bird, L.-A., & Monaghan, P. (2020). Comparing cross-situational word learning, retention, and generalisation in children with autism and typical development. Cognition, 200, 104265. https://doi.org/10.1016/j.cognition.2020.104265","Hartley et al., 2020",10.1016/j.cognition.2020.104265,yes,TIffany Kanen,1,hartley2020_1_training_block_2_td,69,behavior,behavior,test_only,false,FC,infant_all,target_selection,within_one,American English,typical,hartley2020_1_training_block_2_td,NA,16,NA,2016.18,NA,0.63,0.5,0.24,NA,yes,M_SE,NA,NA,NA,NA,NA,NA,artificial,NA,http://reshare.ukdataservice.ac.uk/853520/,2575.0125,NA,NA,NA,0.5625,NA,24,NA,NA,
hartley2020,"Hartley, C., Bird, L.-A., & Monaghan, P. (2020). Comparing cross-situational word learning, retention, and generalisation in children with autism and typical development. Cognition, 200, 104265. https://doi.org/10.1016/j.cognition.2020.104265","Hartley et al., 2020",10.1016/j.cognition.2020.104265,yes,TIffany Kanen,1,hartley2020_1_training_block_1_asd,70,behavior,behavior,test_only,false,FC,infant_all,target_selection,within_one,American English,ASD,hartley2020_1_training_block_1_asd,NA,15,NA,3206.895,NA,0.74,0.5,0.1549193338,NA,yes,M_SE,NA,NA,NA,NA,NA,NA,artificial,NA,http://reshare.ukdataservice.ac.uk/853520/,4624.065,NA,NA,NA,0.1333333333,NA,24,NA,NA,
hartley2020,"Hartley, C., Bird, L.-A., & Monaghan, P. (2020). Comparing cross-situational word learning, retention, and generalisation in children with autism and typical development. Cognition, 200, 104265. https://doi.org/10.1016/j.cognition.2020.104265","Hartley et al., 2020",10.1016/j.cognition.2020.104265,yes,TIffany Kanen,1,hartley2020_1_training_block_2_asd,70,behavior,behavior,test_only,false,FC,infant_all,target_selection,within_one,American English,ASD,hartley2020_1_training_block_2_asd,NA,15,NA,3206.895,NA,0.72,0.5,0.1549193338,NA,yes,M_SE,NA,NA,NA,NA,NA,NA,artificial,NA,http://reshare.ukdataservice.ac.uk/853520/,4624.065,NA,NA,NA,0.1333333333,NA,24,NA,NA,
hartley2020,"Hartley, C., Bird, L.-A., & Monaghan, P. (2020). Comparing cross-situational word learning, retention, and generalisation in children with autism and typical development. Cognition, 200, 104265. https://doi.org/10.1016/j.cognition.2020.104265","Hartley et al., 2020",10.1016/j.cognition.2020.104265,yes,TIffany Kanen,1,hartley2020_1_training_retention_td,69,behavior,behavior,test_only,false,FC,infant_all,target_selection,within_one,American English,typical,hartley2020_1_training_retention_td,NA,16,NA,2016.18,NA,0.62,0.33,0.32,NA,yes,M_SE,NA,NA,NA,NA,NA,NA,artificial,NA,http://reshare.ukdataservice.ac.uk/853520/,2575.0125,NA,NA,NA,0.5625,NA,12,NA,NA,
hartley2020,"Hartley, C., Bird, L.-A., & Monaghan, P. (2020). Comparing cross-situational word learning, retention, and generalisation in children with autism and typical development. Cognition, 200, 104265. https://doi.org/10.1016/j.cognition.2020.104265","Hartley et al., 2020",10.1016/j.cognition.2020.104265,yes,TIffany Kanen,1,hartley2020_1_training_retention_asd,70,behavior,behavior,test_only,false,FC,infant_all,target_selection,within_one,American English,ASD,hartley2020_1_training_retention_asd,NA,15,NA,3206.895,NA,0.64,0.33,0.3098386677,NA,yes,M_SE,NA,NA,NA,NA,NA,NA,artificial,NA,http://reshare.ukdataservice.ac.uk/853520/,4624.065,NA,NA,NA,0.1333333333,NA,12,NA,NA,
hartley2020,"Hartley, C., Bird, L.-A., & Monaghan, P. (2020). Comparing cross-situational word learning, retention, and generalisation in children with autism and typical development. Cognition, 200, 104265. https://doi.org/10.1016/j.cognition.2020.104265","Hartley et al., 2020",10.1016/j.cognition.2020.104265,yes,TIffany Kanen,2,hartley2020_2_training_block_1_sc_td,71,behavior,behavior,test_only,false,FC,infant_all,target_selection,within_one,American English,typical,hartley2020_2_training_block_1_sc_td,NA,16,NA,2067.315,NA,0.91,0.5,0.08,NA,yes,M_SE,NA,NA,NA,NA,NA,NA,artificial,NA,http://reshare.ukdataservice.ac.uk/853520/,2509.2675,NA,NA,NA,0.125,NA,24,NA,NA,
hartley2020,"Hartley, C., Bird, L.-A., & Monaghan, P. (2020). Comparing cross-situational word learning, retention, and generalisation in children with autism and typical development. Cognition, 200, 104265. https://doi.org/10.1016/j.cognition.2020.104265","Hartley et al., 2020",10.1016/j.cognition.2020.104265,yes,TIffany Kanen,2,hartley2020_2_training_block_1_sc_asd,72,behavior,behavior,test_only,false,FC,infant_all,target_selection,within_one,American English,ASD,hartley2020_2_training_block_1_sc_asd,NA,17,NA,3141.15,NA,0.88,0.5,0.164924225,NA,yes,M_SE,NA,NA,NA,NA,NA,NA,artificial,NA,http://reshare.ukdataservice.ac.uk/853520/,3605.0175,NA,NA,NA,,NA,24,NA,NA,
hartley2020,"Hartley, C., Bird, L.-A., & Monaghan, P. (2020). Comparing cross-situational word learning, retention, and generalisation in children with autism and typical development. Cognition, 200, 104265. https://doi.org/10.1016/j.cognition.2020.104265","Hartley et al., 2020",10.1016/j.cognition.2020.104265,yes,TIffany Kanen,2,hartley2020_2_training_block_2_sc_td,71,behavior,behavior,test_only,false,FC,infant_all,target_selection,within_one,American English,typical,hartley2020_2_training_block_2_sc_td,NA,16,NA,2067.315,NA,0.96,0.5,0.08,NA,yes,M_SE,NA,NA,NA,NA,NA,NA,artificial,NA,http://reshare.ukdataservice.ac.uk/853520/,2509.2675,NA,NA,NA,0.25,NA,24,NA,NA,
hartley2020,"Hartley, C., Bird, L.-A., & Monaghan, P. (2020). Comparing cross-situational word learning, retention, and generalisation in children with autism and typical development. Cognition, 200, 104265. https://doi.org/10.1016/j.cognition.2020.104265","Hartley et al., 2020",10.1016/j.cognition.2020.104265,yes,TIffany Kanen,2,hartley2020_2_training_block_2_sc_asd,72,behavior,behavior,test_only,false,FC,infant_all,target_selection,within_one,American English,ASD,hartley2020_2_training_block_2_sc_asd,NA,17,NA,3141.15,NA,0.87,0.5,0.164924225,NA,yes,M_SE,NA,NA,NA,NA,NA,NA,artificial,NA,http://reshare.ukdataservice.ac.uk/853520/,3605.0175,NA,NA,NA,,NA,24,NA,NA,
hartley2020,"Hartley, C., Bird, L.-A., & Monaghan, P. (2020). Comparing cross-situational word learning, retention, and generalisation in children with autism and typical development. Cognition, 200, 104265. https://doi.org/10.1016/j.cognition.2020.104265","Hartley et al., 2020",10.1016/j.cognition.2020.104265,yes,TIffany Kanen,2,hartley2020_2_training_block_1_nsc_td,71,behavior,behavior,test_only,false,FC,infant_all,target_selection,within_one,American English,typical,hartley2020_2_training_block_1_nsc_td,NA,16,NA,1873.7325,NA,0.95,0.5,0.08,NA,yes,M_SE,NA,NA,NA,NA,NA,NA,artificial,NA,http://reshare.ukdataservice.ac.uk/853520/,2154.975,NA,NA,NA,0.25,NA,24,NA,NA,
hartley2020,"Hartley, C., Bird, L.-A., & Monaghan, P. (2020). Comparing cross-situational word learning, retention, and generalisation in children with autism and typical development. Cognition, 200, 104265. https://doi.org/10.1016/j.cognition.2020.104265","Hartley et al., 2020",10.1016/j.cognition.2020.104265,yes,TIffany Kanen,2,hartley2020_2_training_block_1_nsc_asd,72,behavior,behavior,test_only,false,FC,infant_all,target_selection,within_one,American English,ASD,hartley2020_2_training_block_1_nsc_asd,NA,16,NA,3184.98,NA,0.92,0.5,0.08,NA,yes,M_SE,NA,NA,NA,NA,NA,NA,artificial,NA,http://reshare.ukdataservice.ac.uk/853520/,4598.4975,NA,NA,NA,,NA,24,NA,NA,
hartley2020,"Hartley, C., Bird, L.-A., & Monaghan, P. (2020). Comparing cross-situational word learning, retention, and generalisation in children with autism and typical development. Cognition, 200, 104265. https://doi.org/10.1016/j.cognition.2020.104265","Hartley et al., 2020",10.1016/j.cognition.2020.104265,yes,TIffany Kanen,2,hartley2020_2_training_block_2_nsc_td,71,behavior,behavior,test_only,false,FC,infant_all,target_selection,within_one,American English,typical,hartley2020_2_training_block_2_nsc_td,NA,16,NA,1873.7325,NA,0.96,0.5,0.08,NA,yes,M_SE,NA,NA,NA,NA,NA,NA,artificial,NA,http://reshare.ukdataservice.ac.uk/853520/,2154.975,NA,NA,NA,0.4375,NA,24,NA,NA,
hartley2020,"Hartley, C., Bird, L.-A., & Monaghan, P. (2020). Comparing cross-situational word learning, retention, and generalisation in children with autism and typical development. Cognition, 200, 104265. https://doi.org/10.1016/j.cognition.2020.104265","Hartley et al., 2020",10.1016/j.cognition.2020.104265,yes,TIffany Kanen,2,hartley2020_2_training_block_2_nsc_asd,72,behavior,behavior,test_only,false,FC,infant_all,target_selection,within_one,American English,ASD,hartley2020_2_training_block_2_nsc_asd,NA,16,NA,3184.98,NA,0.94,0.5,0.08,NA,yes,M_SE,NA,NA,NA,NA,NA,NA,artificial,NA,http://reshare.ukdataservice.ac.uk/853520/,4598.4975,NA,NA,NA,,NA,24,NA,NA,
hartley2020,"Hartley, C., Bird, L.-A., & Monaghan, P. (2020). Comparing cross-situational word learning, retention, and generalisation in children with autism and typical development. Cognition, 200, 104265. https://doi.org/10.1016/j.cognition.2020.104265","Hartley et al., 2020",10.1016/j.cognition.2020.104265,yes,TIffany Kanen,2,hartley2020_2_retention_sc_td,71,behavior,behavior,test_only,false,FC,infant_all,target_selection,within_one,American English,typical,hartley2020_2_retention_sc_td,NA,16,NA,2067.315,NA,0.66,0.33,0.24,NA,yes,M_SE,NA,NA,NA,NA,NA,NA,artificial,NA,http://reshare.ukdataservice.ac.uk/853520/,2509.2675,NA,NA,NA,0.1875,NA,12,NA,NA,
hartley2020,"Hartley, C., Bird, L.-A., & Monaghan, P. (2020). Comparing cross-situational word learning, retention, and generalisation in children with autism and typical development. Cognition, 200, 104265. https://doi.org/10.1016/j.cognition.2020.104265","Hartley et al., 2020",10.1016/j.cognition.2020.104265,yes,TIffany Kanen,2,hartley2020_2_retention_sc_asd,72,behavior,behavior,test_only,false,FC,infant_all,target_selection,within_one,American English,ASD,hartley2020_2_retention_sc_asd,NA,17,NA,3141.15,NA,0.65,0.33,0.2473863375,NA,yes,M_SE,NA,NA,NA,NA,NA,NA,artificial,NA,http://reshare.ukdataservice.ac.uk/853520/,3605.0175,NA,NA,NA,,NA,12,NA,NA,
hartley2020,"Hartley, C., Bird, L.-A., & Monaghan, P. (2020). Comparing cross-situational word learning, retention, and generalisation in children with autism and typical development. Cognition, 200, 104265. https://doi.org/10.1016/j.cognition.2020.104265","Hartley et al., 2020",10.1016/j.cognition.2020.104265,yes,TIffany Kanen,2,hartley2020_2_retention_nsc_td,71,behavior,behavior,test_only,false,FC,infant_all,target_selection,within_one,American English,typical,hartley2020_2_retention_nsc_td,NA,16,NA,1873.7325,NA,0.65,0.33,0.24,NA,yes,M_SE,NA,NA,NA,NA,NA,NA,artificial,NA,http://reshare.ukdataservice.ac.uk/853520/,2154.975,NA,NA,NA,,NA,12,NA,NA,
hartley2020,"Hartley, C., Bird, L.-A., & Monaghan, P. (2020). Comparing cross-situational word learning, retention, and generalisation in children with autism and typical development. Cognition, 200, 104265. https://doi.org/10.1016/j.cognition.2020.104265","Hartley et al., 2020",10.1016/j.cognition.2020.104265,yes,TIffany Kanen,2,hartley2020_2_retention_nsc_asd,72,behavior,behavior,test_only,false,FC,infant_all,target_selection,within_one,American English,ASD,hartley2020_2_retention_nsc_asd,NA,16,NA,3184.98,NA,0.63,0.33,0.24,NA,yes,M_SE,NA,NA,NA,NA,NA,NA,artificial,NA,http://reshare.ukdataservice.ac.uk/853520/,4598.4975,NA,NA,NA,,NA,12,NA,NA,
cheung2021,"Cheung, R., Hartley, C., & Monaghan, P. (2021). Caregivers use gesture contingently to support word learning. DEVELOPMENTAL SCIENCE, 24(4). https://doi.org/10.1111/desc.13098","Cheung et al., 2021",10.1111/desc.13098,yes,Tiffany Kanen,1,cheung2021_two_object_training,73,behavior,behavior,familiarization,false,FC,infant_all,target_selection,within_one,American English,typical,cheung2021_two_object,NA,27,NA,633.152,NA,0.47,0.33,0.3637306696,NA,yes,M_SE,NA,NA,NA,NA,NA,NA,artificial,NA,https://osf.io/6frcw,NA,NA,20,NA,0.5185185185,NA,6,NA,NA,
cheung2021,"Cheung, R., Hartley, C., & Monaghan, P. (2021). Caregivers use gesture contingently to support word learning. DEVELOPMENTAL SCIENCE, 24(4). https://doi.org/10.1111/desc.13098","Cheung et al., 2021",10.1111/desc.13098,yes,Tiffany Kanen,1,cheung2021_six_object_training,73,behavior,behavior,familiarization,false,FC,infant_all,target_selection,within_one,American English,typical,cheung2021_six_object,NA,27,NA,633.152,NA,0.46,0.33,0.7274613392,NA,yes,M_SE,NA,NA,NA,NA,NA,NA,artificial,NA,https://osf.io/6frcw,NA,NA,20,NA,0.5185185185,NA,6,NA,NA,