title,search_status,eid,scopus_id,doi,publication_journal,cited_by_count,ds_clean
Timing matters: The impact of label synchrony on infant categorisation,success,2-s2.0-84924716287,84924716287,10.1016/j.cognition.2015.02.004,Cognition,13,Label advantage in concept learning
"Linguistic labels, dynamic visual features, and attention in infant category learning",success,2-s2.0-84925688689,84925688689,10.1016/j.jecp.2015.01.012,Journal of Experimental Child Psychology,8,Label advantage in concept learning
Categorization in 3-and 4-month-old infants: an advantage of words over tones,success,2-s2.0-77954246824,77954246824,10.1111/j.1467-8624.2009.01408.x,Child Development,162,Label advantage in concept learning
Nonhuman primate vocalizations support categorization in very young human infants,success,2-s2.0-84884343847,84884343847,10.1073/pnas.1221166110,Proceedings of the National Academy of Sciences of the United States of America,56,Label advantage in concept learning
Linguistic labels and categorization in infancy: do labels facilitate or hinder?,success,2-s2.0-34250750291,34250750291,10.1111/j.1532-7078.2007.tb00225.x,Infancy,45,Label advantage in concept learning
Specifying the scope of 13-month-olds' expectations for novel words,success,2-s2.0-0033121152,0033121152,10.1016/S0010-0277(99)00017-7,Cognition,96,Label advantage in concept learning
Seeing pink elephants: Fourteen-month-olds' interpretations of novel nouns and adjectives,success,2-s2.0-0035513581,0035513581,10.1006/cogp.2001.0764,Cognitive Psychology,173,Label advantage in concept learning
Object names and object functions serve as cues to categories for infants,success,2-s2.0-0036834249,0036834249,10.1037/0012-1649.38.6.948,Developmental psychology,164,Label advantage in concept learning
Mapping words to the world in infancy: Infants' expectations for count nouns and adjectives,success,2-s2.0-12544258162,12544258162,10.1207/S15327647JCD0403_06,Journal of Cognition and Development,87,Label advantage in concept learning
The origins and evolution of links between word learning and conceptual organization: new evidence from 11-month-olds,success,2-s2.0-0037388139,0037388139,10.1111/1467-7687.00262,Developmental Science,89,Label advantage in concept learning
"The influence of labels, non-labeling sounds, and source of auditory input on 9-and 15-month-olds' object categorization",success,2-s2.0-15444381295,15444381295,10.1207/S15327078IN0403_03,Infancy,49,Label advantage in concept learning
The acquisition of phonetic categories in bilingual infants: new data from an anticipatory eye movement paradigm,success,2-s2.0-78651315211,78651315211,10.1111/j.1467-7687.2010.00989.x,Developmental Science,86,Vowel discrimination (native)
The acquisition of phonetic categories in bilingual infants: new data from an anticipatory eye movement paradigm,success,2-s2.0-78651315211,78651315211,10.1111/j.1467-7687.2010.00989.x,Developmental Science,86,Vowel discrimination (non-native)
The Interplay Between Input and Initial Biases: Asymmetries in Vowel Perception During the First Year of Life,success,2-s2.0-84860453879,84860453879,10.1111/j.1467-8624.2012.01740.x,Child Development,24,Vowel discrimination (native)
Simultaneous Bilingualism and the Perception of a Language-Specific Vowel Contrast in the First Year of Life,success,2-s2.0-0346390543,0346390543,10.1177/00238309030460020801,Language and Speech,251,Vowel discrimination (native)
Simultaneous Bilingualism and the Perception of a Language-Specific Vowel Contrast in the First Year of Life,success,2-s2.0-0346390543,0346390543,10.1177/00238309030460020801,Language and Speech,251,Vowel discrimination (non-native)
Perception of a native vowel contrast by Dutch monolingual and bilingual infants: A bilingual perceptual lead,success,2-s2.0-84971556292,84971556292,10.1177/1367006914566082,International Journal of Bilingualism,24,Vowel discrimination (native)
Environmental influences on infants’ native vowel discrimination: The case of talker number in daily life,success,2-s2.0-85048341471,85048341471,10.1111/infa.12232,Infancy,6,Vowel discrimination (native)
Perception of vowel length by Japanese- and English-learning infants,success,2-s2.0-58449096972,58449096972,10.1037/a0014043,Developmental Psychology,40,Vowel discrimination (native)
Perception of vowel length by Japanese- and English-learning infants,success,2-s2.0-58449096972,58449096972,10.1037/a0014043,Developmental Psychology,40,Vowel discrimination (non-native)
Discrimination of phonemic vowel length by Japanese infants,success,2-s2.0-76449090254,76449090254,10.1037/a0016718,Developmental Psychology,47,Vowel discrimination (native)
Neural Attunement Processes in Infants during the Acquisition of a Language-Specific Phonemic Contrast,success,2-s2.0-33846237197,33846237197,10.1523/JNEUROSCI.1984-06.2007,Journal of Neuroscience,129,Vowel discrimination (native)
Neural Attunement Processes in Infants during the Acquisition of a Language-Specific Phonemic Contrast,success,2-s2.0-33846237197,33846237197,10.1523/JNEUROSCI.1984-06.2007,Journal of Neuroscience,129,Vowel discrimination (non-native)
"Indexical and linguistic processing by 12-month-olds: Discrimination of speaker, accent and vowel differences",success,2-s2.0-85019926315,85019926315,10.1371/journal.pone.0176762,PLoS ONE,8,Vowel discrimination (native)
"Indexical and linguistic processing by 12-month-olds: Discrimination of speaker, accent and vowel differences",success,2-s2.0-85019926315,85019926315,10.1371/journal.pone.0176762,PLoS ONE,8,Vowel discrimination (non-native)
Rhythmic distance between languages affects the development of speech perception in bilingual infants,success,2-s2.0-80053949104,80053949104,10.1016/j.wocn.2010.08.006,Journal of Phonetics,57,Vowel discrimination (native)
Speech perception in early infancy: perceptual constancy for spectrally dissimilar vowel categories,success,2-s2.0-0018621963,0018621963,10.1121/1.383639,Journal of the Acoustical Society of America,218,Vowel discrimination (native)
Vowel categorization by very young infants,success,2-s2.0-0000717711,0000717711,10.1037/0012-1649.28.3.396,Developmental Psychology,42,Vowel discrimination (native)
Echoic storage in infant perception,success,2-s2.0-0020174315,0020174315,10.1111/j.1467-8624.1982.tb01362.x,Child development,19,Vowel discrimination (native)
Representation of Speech Sounds by Young Infants,success,2-s2.0-0023969181,0023969181,10.1037/0096-3445.117.1.21,Journal of Experimental Psychology: General,112,Vowel discrimination (native)
Representation of Speech Sounds by Young Infants,success,2-s2.0-0000522042,0000522042,10.1037/0012-1649.23.5.648,Developmental Psychology,60,Vowel discrimination (native)
Discrimination of auditory target dimensions in the presence or absence of variation in a second dimension by infants,success,2-s2.0-0019968107,0019968107,10.3758/BF03202536,Perception &amp; Psychophysics,71,Vowel discrimination (native)
Organization in infant speech perception,success,2-s2.0-21144472444,21144472444,10.1111/j.1467-9280.1992.tb00043.x,Psychological Science,38,Vowel discrimination (native)
Organization in infant speech perception,success,2-s2.0-0018626813,0018626813,10.1037/h0081732,Canadian journal of psychology,12,Vowel discrimination (native)
"Target spectral, dynamic spectral, and duration cues in infant perception of German vowels",success,2-s2.0-0034932126,0034932126,10.1121/1.1380415,Journal of the Acoustical Society of America,32,Vowel discrimination (native)
Maturation of mismatch negativity in infants,success,2-s2.0-84905771859,84905771859,10.1016/j.ridd.2013.10.006,Research in Developmental Disabilities,22,Vowel discrimination (native)
Maturation of mismatch negativity in infants,success,2-s2.0-0036205130,0036205130,10.1097/00003446-200204000-00005,Ear and Hearing,214,Vowel discrimination (native)
Maturation of mismatch negativity in infants,success,2-s2.0-0032124866,0032124866,10.1016/S0167-8760(98)00017-8,International Journal of Psychophysiology,121,Vowel discrimination (native)
Atypical perceptual narrowing in prematurely born infants is associated with compromised language acquisition at 2 years of age,success,2-s2.0-77955082305,77955082305,10.1186/1471-2202-11-88,BMC Neuroscience,68,Vowel discrimination (native)
Atypical perceptual narrowing in prematurely born infants is associated with compromised language acquisition at 2 years of age,success,2-s2.0-77955082305,77955082305,10.1186/1471-2202-11-88,BMC Neuroscience,68,Vowel discrimination (non-native)
Infants Sensitivity to Vowel and Tonal Contrasts,success,2-s2.0-0015697407,0015697407,10.1037/h0034999,Developmental Psychology,97,Vowel discrimination (native)
Pitch characteristics of infant-directed speech affect infants’ ability to discriminate vowels,success,2-s2.0-0036615256,0036615256,10.3758/BF03196290,Psychonomic Bulletin and Review,121,Vowel discrimination (native)
Intersensory redundancy and 7-month-old infants’ memory for syllable-object relations,success,2-s2.0-0345772966,0345772966,10.1207/S15327078IN0202_7,Infancy,59,Vowel discrimination (native)
Perception of vowel length by Japanese- and English-learning infants,success,2-s2.0-58449096972,58449096972,10.1037/a0014043,Developmental Psychology,40,Vowel discrimination (native)
Perception of vowel length by Japanese- and English-learning infants,success,2-s2.0-58449096972,58449096972,10.1037/a0014043,Developmental Psychology,40,Vowel discrimination (non-native)
Development of non-native vowel discrimination: Improvement without exposure,success,2-s2.0-84893841361,84893841361,10.1002/dev.21193,Developmental Psychobiology,15,Vowel discrimination (non-native)
Neural Attunement Processes in Infants during the Acquisition of a Language-Specific Phonemic Contrast,success,2-s2.0-33846237197,33846237197,10.1523/JNEUROSCI.1984-06.2007,Journal of Neuroscience,129,Vowel discrimination (native)
Neural Attunement Processes in Infants during the Acquisition of a Language-Specific Phonemic Contrast,success,2-s2.0-33846237197,33846237197,10.1523/JNEUROSCI.1984-06.2007,Journal of Neuroscience,129,Vowel discrimination (non-native)
"Indexical and linguistic processing by 12-month-olds: Discrimination of speaker, accent and vowel differences",success,2-s2.0-85019926315,85019926315,10.1371/journal.pone.0176762,PLoS ONE,8,Vowel discrimination (native)
"Indexical and linguistic processing by 12-month-olds: Discrimination of speaker, accent and vowel differences",success,2-s2.0-85019926315,85019926315,10.1371/journal.pone.0176762,PLoS ONE,8,Vowel discrimination (non-native)
Simultaneous Bilingualism and the Perception of a Language-Specific Vowel Contrast in the First Year of Life,success,2-s2.0-0346390543,0346390543,10.1177/00238309030460020801,Language and Speech,251,Vowel discrimination (native)
Simultaneous Bilingualism and the Perception of a Language-Specific Vowel Contrast in the First Year of Life,success,2-s2.0-0346390543,0346390543,10.1177/00238309030460020801,Language and Speech,251,Vowel discrimination (non-native)
The acquisition of phonetic categories in bilingual infants: new data from an anticipatory eye movement paradigm,success,2-s2.0-78651315211,78651315211,10.1111/j.1467-7687.2010.00989.x,Developmental Science,86,Vowel discrimination (native)
The acquisition of phonetic categories in bilingual infants: new data from an anticipatory eye movement paradigm,success,2-s2.0-78651315211,78651315211,10.1111/j.1467-7687.2010.00989.x,Developmental Science,86,Vowel discrimination (non-native)
Speech perception in infancy predicts language development in the second year of life: A longitudinal study,success,2-s2.0-4344574046,4344574046,10.1111/j.1467-8624.2004.00726.x,Child Development,344,Vowel discrimination (non-native)
The discrimination of vowel duration by infants,success,2-s2.0-0021414490,0021414490,10.1121/1.390773,Journal of the Acoustical Society of America,44,Vowel discrimination (non-native)
Atypical perceptual narrowing in prematurely born infants is associated with compromised language acquisition at 2 years of age,success,2-s2.0-77955082305,77955082305,10.1186/1471-2202-11-88,BMC Neuroscience,68,Vowel discrimination (native)
Atypical perceptual narrowing in prematurely born infants is associated with compromised language acquisition at 2 years of age,success,2-s2.0-77955082305,77955082305,10.1186/1471-2202-11-88,BMC Neuroscience,68,Vowel discrimination (non-native)
Computation of conditional probability statistics by 8-month-old infants,success,2-s2.0-0006911053,0006911053,10.1111/1467-9280.00063,Psychological Science,688,Statistical word segmentation
Rhythmic grouping biases constrain infant statistical learning,success,2-s2.0-84867143409,84867143409,10.1111/j.1532-7078.2011.00110.x,Infancy,44,Statistical word segmentation
Word segmentation by 8-month-olds: when speech cues count more than statistics,success,2-s2.0-0035742477,0035742477,10.1006/jmla.2000.2755,Journal of Memory and Language,391,Statistical word segmentation
"At 11 months, prosody still outranks statistics",success,2-s2.0-57849109907,57849109907,10.1111/j.1467-7687.2008.00740.x,Developmental Science,67,Statistical word segmentation
All words are not created equal: Expectations about word length guide infant statistical learning,success,2-s2.0-84155165106,84155165106,10.1016/j.cognition.2011.10.007,Cognition,56,Statistical word segmentation
Words in a sea of sounds: The output of infant statistical learning,success,2-s2.0-0035452919,0035452919,10.1016/S0010-0277(01)00132-9,Cognition,197,Statistical word segmentation
Statistical learning by 8-month-old infants,success,2-s2.0-84940450955,84940450955,10.1016/j.bandl.2015.03.005,Brain and Language,44,Statistical word segmentation
Statistical learning by 8-month-old infants,success,2-s2.0-66149192668,66149192668,10.1111/j.1467-8624.2009.01290.x,Child Development,224,Statistical word segmentation
Statistical learning by 8-month-old infants,success,2-s2.0-0030451408,0030451408,10.1126/science.274.5294.1926,Science,3288,Statistical word segmentation
When cues collide: Use of stress and statistical cues to word boundaries by 7- to 9-month-old infants,success,2-s2.0-0141530941,0141530941,10.1037/0012-1649.39.4.706,Developmental Psychology,383,Statistical word segmentation
Isolated words enhance statistical language learning in infancy,success,2-s2.0-80054954427,80054954427,10.1111/j.1467-7687.2011.01079.x,Developmental Science,72,Statistical word segmentation
Learning in reverse: Eight-month-old infants track backward transitional probabilities,success,2-s2.0-70349838332,70349838332,10.1016/j.cognition.2009.07.011,Cognition,120,Statistical word segmentation
"The Longevity of Statistical Learning: When Infant Memory Decays, Isolated Words Come to the Rescue",success,2-s2.0-85026734428,85026734428,10.1037/xlm0000448,Journal of Experimental Psychology: Learning Memory and Cognition,11,Statistical word segmentation
Infant statistical-learning ability is related to real-time language processing,success,2-s2.0-85024494554,85024494554,10.1017/S0305000917000253,Journal of Child Language,21,Statistical word segmentation
Spectral tilt as a cue to word segmentation in infancy and adulthood,success,2-s2.0-7944221980,7944221980,10.3758/BF03194972,Perception and Psychophysics,23,Statistical word segmentation
Listening through voices: Infant statistical word segmentation across multiple speakers,success,2-s2.0-84946482476,84946482476,10.1037/a0039725,Developmental Psychology,28,Statistical word segmentation
Infants generalize representations of statistically segmented words,success,2-s2.0-84870936775,84870936775,10.3389/fpsyg.2012.00447,Frontiers in Psychology,14,Statistical word segmentation
Infants generalize representations of statistically segmented words,success,2-s2.0-84870936775,84870936775,10.3389/fpsyg.2012.00447,Frontiers in Psychology,14,Switch task
Effects of visual information on adults and infants auditory statistical learning,success,2-s2.0-78651478634,78651478634,10.1111/j.1551-6709.2010.01118.x,Cognitive Science,51,Statistical word segmentation
Flexibility in Statistical Word Segmentation: Finding Words in Foreign Speech,success,2-s2.0-84929023715,84929023715,10.1080/15475441.2014.926730,Language Learning and Development,3,Statistical word segmentation
Early developing syntactic knowledge influences sequential statistical learning in infancy,success,2-s2.0-85053431952,85053431952,10.1016/j.jecp.2018.04.009,Journal of Experimental Child Psychology,4,Statistical word segmentation
Testing the limits of statistical learning for word segmentation,success,2-s2.0-76949101947,76949101947,10.1111/j.1467-7687.2009.00886.x,Developmental Science,114,Statistical word segmentation
When Mommy comes to the rescue of statistics: Infants combine top-down and bottom-up cues to segment speech,success,2-s2.0-84861581456,84861581456,10.1080/15475441.2011.609106,Language Learning and Development,53,Statistical word segmentation
Infants statistical word segmentation in an artificial language is linked to both parental speech input and reported production abilities,success,2-s2.0-85061983352,85061983352,10.1111/desc.12803,Developmental Science,20,Statistical word segmentation
TRACX: a recognition-based connectionist framework for sequence segmentation and chunk extraction,success,2-s2.0-80755143221,80755143221,10.1037/a0025255,Psychological Review,81,Statistical word segmentation
Finding words and word structure in artificial speech: The development of infants' sensitivity to morphosyntactic regularities,success,2-s2.0-84929954400,84929954400,10.1017/S0305000914000452,Journal of Child Language,19,Statistical word segmentation
Words and possible words in early language acquisition,success,2-s2.0-84884130111,84884130111,10.1016/j.cogpsych.2013.08.001,Cognitive Psychology,34,Statistical word segmentation
Picking up speed in understanding: Speech processing efficiency and vocabulary growth across the 2nd year,success,2-s2.0-31644451465,31644451465,10.1037/0012-1649.42.1.98,Developmental Psychology,364,Online word recognition
Individual differences in lexical processing at 18 months predict vocabulary growth in typically-developing and late-talking toddlers,success,2-s2.0-84856245415,84856245415,10.1111/j.1467-8624.2011.01692.x,Child Development,193,Online word recognition
SES differences in language processing skill and vocabulary are evident at 18 months,success,2-s2.0-84874195108,84874195108,10.1111/desc.12019,Developmental Science,707,Online word recognition
Names in frames: infants interpret words in sentence frames faster than words in isolation,success,2-s2.0-33645809773,33645809773,10.1111/j.1467-7687.2006.00482.x,Developmental Science,121,Online word recognition
"Dynamics of word comprehension in infancy: Developments in timing, accuracy, and resistance to acoustic degradation",success,2-s2.0-31644441083,31644441083,10.1207/s15327647jcd0602_2,Journal of Cognition and Development,45,Online word recognition
Spoken word recognition by Latino children learning Spanish as their first language,success,2-s2.0-34247246367,34247246367,10.1017/S0305000906007896,Journal of Child Language,47,Online word recognition
Failure to learn from feedback underlies word learning difficulties in toddlers at risk for autism,success,2-s2.0-84870903640,84870903640,10.1017/S0305000912000086,Journal of Child Language,29,Mutual exclusivity
Children with SLI exhibit delays resolving ambiguous reference,success,2-s2.0-84917729626,84917729626,10.1017/S0305000914000038,Journal of Child Language,5,Mutual exclusivity
The role of competition in word learning via referent selection,success,2-s2.0-77955767413,77955767413,10.1111/j.1467-7687.2009.00926.x,Developmental Science,83,Mutual exclusivity
Flexible use of mutual exclusivity in word learning,success,2-s2.0-84955208170,84955208170,10.1080/15475441.2015.1023443,Language Learning and Development,8,Mutual exclusivity
Flexible use of mutual exclusivity in word learning,success,2-s2.0-84941086135,84941086135,10.1017/S1366728914000364,Bilingualism,35,Mutual exclusivity
Two-year-olds' expectation that lexical gaps will be filled*,success,2-s2.0-84998013877,84998013877,10.1177/014272370202206601,First Language,4,Mutual exclusivity
Monolingual and bilingual children's use of the mutual exclusivity constraint,success,2-s2.0-0031064353,0031064353,10.1017/S0305000996002917,Journal of Child Language,66,Mutual exclusivity
Mutual exclusivity in autism spectrum disorders: Testing the pragmatic hypothesis,success,2-s2.0-79951960173,79951960173,10.1016/j.cognition.2010.12.011,Cognition,53,Mutual exclusivity
Children's avoidance of lexical overlap: A pragmatic account,success,2-s2.0-0035458735,0035458735,10.1037/0012-1649.37.5.630,Developmental psychology,222,Mutual exclusivity
The mutual exclusivity bias in children's word learning,success,2-s2.0-0040196524,0040196524,10.1016/0273-2297(91)90005-9,Developmental Review,25,Mutual exclusivity
The mutual exclusivity bias in children's word learning,success,2-s2.0-0009807109,0009807109,10.1016/0273-2297(91)90006-A,Developmental Review,27,Mutual exclusivity
Young children's disambiguation of object name reference,success,2-s2.0-0026288571,0026288571,10.1111/j.1467-8624.1991.tb01606.x,Child Development,83,Mutual exclusivity
The role of inferences about referential intent in word learning: Evidence from autism,success,2-s2.0-24644450072,24644450072,10.1016/j.cognition.2005.01.008,Cognition,116,Mutual exclusivity
Two-year-olds differentially disambiguate novel words and facts,success,2-s2.0-35548965116,35548965116,10.1017/S0305000907008100,Journal of Child Language,22,Mutual exclusivity
The prevalence and the weakness of an early name mapping preference,success,2-s2.0-0031996089,0031996089,10.1017/S030500099700336X,Journal of Child Language,26,Mutual exclusivity
Using tablets to collect data from young children,success,2-s2.0-84958046469,84958046469,10.1080/15248372.2015.1061528,Journal of Cognition and Development,50,Mutual exclusivity
Fast mapping but poor retention by 24-month-old infants,success,2-s2.0-41749125470,41749125470,10.1080/15250000701795598,Infancy,275,Mutual exclusivity
Children's use of mutual exclusivity to constrain the meanings of words,success,2-s2.0-0023990999,0023990999,10.1016/0010-0285(88)90017-5,Cognitive Psychology,756,Mutual exclusivity
Rapid fast-mapping abilities in 2-year-olds,success,2-s2.0-79952189942,79952189942,10.1016/j.jecp.2010.10.013,Journal of Experimental Child Psychology,90,Mutual exclusivity
The development of a word-learning strategy,success,2-s2.0-0037293713,0037293713,10.1016/S0010-0277(02)00186-5,Cognition,224,Mutual exclusivity
Sub-segmental detail in early lexical representations,success,2-s2.0-67650346192,67650346192,10.1016/j.jml.2008.03.001,Revista Espanola de Cirugia Ortopedica y Traumatologia,4,Mutual exclusivity
Sub-segmental detail in early lexical representations,success,2-s2.0-67650346192,67650346192,10.1016/j.jml.2008.03.001,Revista Espanola de Cirugia Ortopedica y Traumatologia,4,Mispronunciation sensitivity
Metacognitive developments in word learning: Mutual exclusivity and theory of mind,success,2-s2.0-84963719597,84963719597,10.1016/j.jecp.2016.03.007,Journal of Experimental Child Psychology,10,Mutual exclusivity
Disambiguation of novel labels and referential facts: A developmental perspective,success,2-s2.0-84899512641,84899512641,10.1177/0142723714525946,First Language,19,Mutual exclusivity
Learning words over time: The role of stimulus repetition in mutual exclusivity,success,2-s2.0-59249108808,59249108808,10.1080/15250000802569702,Infancy,58,Mutual exclusivity
Language experience shapes the development of the mutual exclusivity bias,success,2-s2.0-77955995796,77955995796,10.1111/j.1532-7078.2009.00009.x,Infancy,100,Mutual exclusivity
Mutual exclusivity develops as a consequence of abstract rather than particular vocabulary knowledge,success,2-s2.0-84988702899,84988702899,10.1177/0142723716648850,First Language,22,Mutual exclusivity
Young children follow pointing over words in interpreting acts of reference,success,2-s2.0-72249116558,72249116558,10.1111/j.1467-7687.2009.00871.x,Developmental Science,76,Mutual exclusivity
Infants' disambiguation of novel object words,success,2-s2.0-0040283160,0040283160,10.1177/014272379801805302,First Language,45,Mutual exclusivity
Lexicon structure and the disambiguation of novel words: Evidence from bilingual infants,success,2-s2.0-84879163486,84879163486,10.1016/j.cognition.2013.05.010,Cognition,72,Mutual exclusivity
The shape of boubas: sound-shape correspondences in toddlers and adults,success,2-s2.0-33645829625,33645829625,10.1111/j.1467-7687.2006.00495.x,Developmental Science,310,Sound symbolism
Early sound symbolism for vowel sounds,success,2-s2.0-84879147963,84879147963,10.1068/i0535,i-Perception,22,Sound symbolism
Sound symbolism in infancy:Evidence for Sound-Shape cross-modal correspondences in 4-month-olds,success,2-s2.0-85028099838,85028099838,10.1016/j.jecp.2012.05.004,Journal of Experimental Child Psychology,146,Sound symbolism
Sound Symbolism Facilitates Word Learning in 14-Month-Olds,success,2-s2.0-84923174423,84923174423,10.1371/journal.pone.0116494,PLoS ONE,45,Sound symbolism
Sound symbolism scaffolds language development in preverbal infants,success,2-s2.0-84907774228,84907774228,10.1016/j.cortex.2014.08.025,Cortex,101,Sound symbolism
Clarifying the role of shape in children's taxonomic assumption,success,2-s2.0-0027015686,0027015686,10.1016/0022-0965(92)90027-4,Journal of Experimental Child Psychology,94,Categorization bias
Taxonomies and triads: Conceptual organization in one-to two-year-olds,success,2-s2.0-33947174533,33947174533,10.1016/0010-0285(89)90006-6,Cognitive Psychology,80,Categorization bias
Young children's preference for complementary pairs: Evidence against a shift to a taxonomic preference,success,2-s2.0-0007232493,0007232493,10.1037/0012-1649.22.1.19,Developmental Psychology,45,Categorization bias
Categorical and thematic knowledge representation in the brain: Neural correlates of taxonomic and thematic conceptual relations,success,2-s2.0-38749107570,38749107570,10.1016/j.neuropsychologia.2007.08.015,Neuropsychologia,66,Categorization bias
Children's sensitivity to constraints on word meaning: Taxonomic versus thematic relations,success,2-s2.0-0000205432,0000205432,10.1016/0010-0285(84)90002-1,Cognitive Psychology,437,Categorization bias
The development of a linkage between count nouns and object categories: evidence from fifteen‐to twenty‐one‐month‐old infants,success,2-s2.0-0027648812,0027648812,10.1111/j.1467-8624.1993.tb04197.x,Child Development,98,Categorization bias
Challenging the notion of a thematic preference in young children,success,2-s2.0-0031137829,0031137829,10.1037/0012-1649.33.3.555,Developmental psychology,105,Categorization bias
An Apple is More Than Just a Fruit: Cross‐Classification in Children's Concepts,success,2-s2.0-0346956932,0346956932,10.1046/j.1467-8624.2003.00638.x,Child Development,140,Categorization bias
Emergence of an early receptive lexicon: Infants' recognition of words,success,2-s2.0-0001387828,0001387828,10.1016/0163-6383(94)90047-7,Infant Behavior and Development,89,Familiar word recognition
Consonant/vowel asymmetry in early word form recognition,success,2-s2.0-84919800728,84919800728,10.1016/j.jecp.2014.11.011,Journal of Experimental Child Psychology,30,Familiar word recognition
The role of accentual pattern in early lexical representation,success,2-s2.0-1842606527,1842606527,10.1016/j.jml.2003.11.004,Journal of Memory and Language,123,Familiar word recognition
"Onset of word form recognition in English, Welsh, and English–Welsh bilingual infants",success,2-s2.0-34250189549,34250189549,10.1017/S0142716407070269,Applied Psycholinguistics,63,Familiar word recognition
Making sense of infant familiarity and novelty responses to words at lexical onset,success,2-s2.0-84974661311,84974661311,10.3389/fpsyg.2016.00715,Frontiers in Psychology,14,Familiar word recognition
11‐month‐olds’ knowledge of how familiar words sound,success,2-s2.0-23744495308,23744495308,10.1111/j.1467-7687.2005.00432.x,Developmental Science,134,Familiar word recognition
Learning to contend with accents in infancy: Benefits of brief speaker exposure,success,2-s2.0-84885043505,84885043505,10.1037/a0032192,Journal of Experimental Psychology: General,63,Familiar word recognition
Development of phonological constancy: Toddlers' perception of native-and Jamaican-accented words,success,2-s2.0-65549137651,65549137651,10.1111/j.1467-9280.2009.02327.x,Psychological Science,116,Familiar word recognition
The role of geminates in infants' early word production and word-form recognition,success,2-s2.0-84954470847,84954470847,10.1017/S0305000915000793,Journal of Child Language,21,Familiar word recognition
From domain-generality to domain-sensitivity: 4-month-olds learn an abstract repetition rule in music that 7-month-olds do not,success,2-s2.0-67349109453,67349109453,10.1016/j.cognition.2009.02.010,Cognition,56,Abstract rule learning
"Decisions, decisions: Infant language learning when multiple generalizations are possible",success,2-s2.0-30044438226,30044438226,10.1016/j.cognition.2005.03.003,Cognition,142,Abstract rule learning
Infants use rational decision criteria for choosing among models of their input,success,2-s2.0-77649181580,77649181580,10.1016/j.cognition.2010.01.006,Cognition,51,Abstract rule learning
Surprise! Infants consider possible bases of generalization for a single input example,success,2-s2.0-84919956129,84919956129,10.1111/desc.12183,Developmental Science,29,Abstract rule learning
Learning non-adjacent regularities at age 0; 7,success,2-s2.0-84881148833,84881148833,10.1017/S0305000912000256,Journal of Child Language,17,Abstract rule learning
Rule learning by seven-month-old infants,success,2-s2.0-0032935801,0032935801,10.1126/science.283.5398.77,Science,801,Abstract rule learning
Infant rule learning facilitated by speech,success,2-s2.0-34250358669,34250358669,10.1111/j.1467-9280.2007.01910.x,Psychological Science,148,Abstract rule learning
Abstract Rule Learning for Visual Sequences in 8‐and 11‐Month‐Olds,success,2-s2.0-59249085771,59249085771,10.1080/15250000802569611,Infancy,97,Abstract rule learning
Dog is a dog is a dog: Infant rule learning is not specific to language,success,2-s2.0-34848889951,34848889951,10.1016/j.cognition.2006.11.004,Cognition,175,Abstract rule learning
Effects of Inter- and Intra-modal Redundancy on Infants' Rule Learning,success,2-s2.0-84861618453,84861618453,10.1080/15475441.2011.583610,Language Learning and Development,20,Abstract rule learning
Communicative signals support abstract rule learning by 7-month-old infants,success,2-s2.0-84967163338,84967163338,10.1038/srep25434,Scientific Reports,45,Abstract rule learning
"Many faces, one rule: the role of perceptual expertise in infants’ sequential rule learning",success,2-s2.0-84947290480,84947290480,10.3389/fpsyg.2015.01595,Frontiers in Psychology,23,Abstract rule learning
Information from multiple modalities helps 5‐month‐olds learn abstract rules,success,2-s2.0-67049134603,67049134603,10.1111/j.1467-7687.2008.00794.x,Developmental Science,83,Abstract rule learning
Bimodal emotion congruency is critical to preverbal infants’ abstract rule learning,success,2-s2.0-84940194753,84940194753,10.1111/desc.12319,Developmental Science,5,Abstract rule learning
Structural generalizations over consonants and vowels in 11-month-old infants,success,2-s2.0-77955173635,77955173635,10.1016/j.cognition.2010.05.013,Cognition,46,Abstract rule learning
The acquisition of the stop-fricative contrast in,success,2-s2.0-77952423699,77952423699,10.1016/j.lingua.2010.02.010,Lingua,32,Switch task
Native language governs interpretation of salient speech sound differences at 18 months,success,2-s2.0-36048968914,36048968914,10.1073/pnas.0705270104,Proceedings of the National Academy of Sciences of the United States of America,98,Switch task
Now You Hear It: Fourteen-Month-Olds Succeed at Learning Minimal Pairs in Stressed Syllables,success,2-s2.0-84893672886,84893672886,10.1080/15248372.2012.728544,Journal of Cognition and Development,7,Switch task
You sound like Mommy Bilingual and monolingual infants learn words best from speakers typical of their language environments,success,2-s2.0-84901916920,84901916920,10.1177/0165025414530631,International Journal of Behavioral Development,39,Switch task
The development of associative word learning in monolingual and bilingual infants,success,2-s2.0-84870797837,84870797837,10.1017/S1366728912000417,Bilingualism,58,Switch task
Weighting of vowel cues explains patterns of word–object associative learning,success,2-s2.0-68549108891,68549108891,10.1111/j.1467-7687.2009.00814.x,Developmental Science,70,Switch task
Mapping novel labels to actions: How the rhythm of words guides infants’ learning,success,2-s2.0-84859748234,84859748234,10.1016/j.jecp.2012.02.007,Journal of Experimental Child Psychology,24,Switch task
Infants' acceptance of phonotactically illegal word forms as object labels,success,2-s2.0-84949744987,84949744987,10.1017/S0305000915000707,Journal of Child Language,11,Switch task
Object familiarity enhances infants’ use of phonetic detail in novel words,success,2-s2.0-84859491768,84859491768,10.1111/j.1532-7078.2011.00080.x,Infancy,40,Switch task
The Ability to Map Differentially Stressed Labels to Objects Predicts Language Development at 24 months in 12-month-olds at High-Risk for Autism,success,2-s2.0-84926247427,84926247427,10.1111/infa.12074,Infancy,10,Switch task
Linking sounds to meanings: infant statistical learning in a natural language,success,2-s2.0-79960524178,79960524178,10.1016/j.cogpsych.2011.06.002,Cognitive Psychology,111,Switch task
Class matters: 12‐month‐olds’ word–object associations privilege content over function words,success,2-s2.0-84868134185,84868134185,10.1111/j.1467-7687.2012.01166.x,Developmental Science,11,Switch task
Twelve‐month‐olds privilege words over other linguistic sounds in an associative learning task,success,2-s2.0-79954584842,79954584842,10.1111/j.1467-7687.2010.00975.x,Developmental Science,54,Switch task
12-Month-Olds’ Phonotactic Knowledge Guides Their Word–Object Mappings,success,2-s2.0-84863865484,84863865484,10.1111/j.1467-8624.2012.01764.x,Child Development,49,Switch task
The flexibility of 12-month-olds’ preferences for phonologically appropriate object labels,success,2-s2.0-84893677279,84893677279,10.1037/a0033524,Developmental Psychology,12,Switch task
The first steps in word learning are easier when the shoes fit: Comparing monolingual and bilingual infants,success,2-s2.0-72249112970,72249112970,10.1111/j.1467-7687.2009.00891.x,Developmental Science,87,Switch task
Can a Click be a Word?: Infants’ Learning of Non-Native Words,success,2-s2.0-84898849634,84898849634,10.1111/infa.12048,Infancy,38,Switch task
The perceptual acquisition of phonological contrasts,success,2-s2.0-26444524947,26444524947,10.1353/lan.2004.0141,Language,104,Switch task
Infants listen for more phonetic detail in speech perception than in word-learning tasks,success,2-s2.0-0030844285,0030844285,10.1038/41102,Nature,514,Switch task
Infants' ability to learn phonetically similar words: Effects of age and vocabulary size,success,2-s2.0-79953323059,79953323059,10.1207/S15327078IN0301_1,Infancy,298,Switch task
Using speech sounds to guide word learning: The case of bilingual infants,success,2-s2.0-34648843273,34648843273,10.1111/j.1467-8624.2007.01080.x,Child Development,128,Switch task
Flexibility in bilingual infants' word learning,success,2-s2.0-84941261806,84941261806,10.1111/cdev.12392,Child Development,47,Switch task
English-and Chinese-learning infants map novel labels to objects and actions differently,success,2-s2.0-80052857943,80052857943,10.1037/a0024049,Developmental Psychology,24,Switch task
The role of single talker acoustic variation in early word learning,success,2-s2.0-84919862658,84919862658,10.1080/15475441.2014.895249,Language Learning and Development,23,Switch task
Learning about sounds contributes to learning about words: Effects of prosody and phonotactics on infant word learning,success,2-s2.0-84873290219,84873290219,10.1016/j.jecp.2012.10.002,Journal of Experimental Child Psychology,28,Switch task
Infant‐Directed Prosody Helps Infants Map Sounds to Meanings,success,2-s2.0-84882262496,84882262496,10.1111/infa.12006,Infancy,69,Switch task
Learning builds on learning: Infants’ use of native language sound patterns to learn words,success,2-s2.0-84903398915,84903398915,10.1016/j.jecp.2014.05.006,Journal of Experimental Child Psychology,10,Switch task
Infants generalize representations of statistically segmented words,success,2-s2.0-84870936775,84870936775,10.3389/fpsyg.2012.00447,Frontiers in Psychology,14,Statistical word segmentation
Infants generalize representations of statistically segmented words,success,2-s2.0-84870936775,84870936775,10.3389/fpsyg.2012.00447,Frontiers in Psychology,14,Switch task
From flexibility to constraint: The contrastive use of lexical tone in early word learning,success,2-s2.0-84922710970,84922710970,10.1111/cdev.12269,Child Development,55,Switch task
Speaker variability augments phonological processing in early word learning,success,2-s2.0-58449105436,58449105436,10.1111/j.1467-7687.2008.00786.x,Developmental Science,227,Switch task
Finding the signal by adding noise: The role of noncontrastive phonetic variability in early word learning,success,2-s2.0-77957328475,77957328475,10.1111/j.1532-7078.2010.00033.x,Infancy,114,Switch task
The effect of distributional information on children’s use of phonemic contrasts,success,2-s2.0-33845567506,33845567506,10.1016/j.jml.2006.07.002,Journal of Memory and Language,96,Switch task
"Dogs, Bogs, Labs, and Lads: What Phonemic Generalizations Indicate About the Nature of Children’s Early Word‐Form Representations",success,2-s2.0-77955153830,77955153830,10.1111/j.1467-8624.2010.01468.x,Child Development,22,Switch task
Modeling the role of distributional information in children’s use of phonemic contrasts,success,2-s2.0-84958254987,84958254987,10.1016/j.jml.2016.01.003,Journal of Memory and Language,7,Switch task
Novel Word Learning in Bilingual and Monolingual Infants: Evidence for a Bilingual Advantage,success,2-s2.0-85012879908,85012879908,10.1111/cdev.12747,Child Development,22,Switch task
Phonological Specificity in 12‐and 17‐Month‐Old French‐Speaking Infants,success,2-s2.0-84867141937,84867141937,10.1111/j.1532-7078.2011.00111.x,Infancy,9,Mispronunciation sensitivity
Les représentations phonologiques des mots chez le jeune enfant,success,2-s2.0-84856513996,84856513996,10.4074/S001375451100406X,Enfance,0,Mispronunciation sensitivity
Les représentations phonologiques des mots chez le jeune enfant,success,2-s2.0-84856491754,84856491754,10.4074/S001375451100303x,Enfance,14,Mispronunciation sensitivity
Sub-segmental detail in early lexical representations,success,2-s2.0-67650346192,67650346192,10.1016/j.jml.2008.03.001,Revista Espanola de Cirugia Ortopedica y Traumatologia,4,Mutual exclusivity
Sub-segmental detail in early lexical representations,success,2-s2.0-67650346192,67650346192,10.1016/j.jml.2008.03.001,Revista Espanola de Cirugia Ortopedica y Traumatologia,4,Mispronunciation sensitivity
Adaptation to novel accents by toddlers,success,2-s2.0-79954609235,79954609235,10.1111/j.1467-7687.2010.00986.x,Developmental Science,88,Mispronunciation sensitivity
Young Infants ’ Word Comprehension Given An Unfamiliar Talker or Altered Pronunciations,success,2-s2.0-85021270950,85021270950,10.1111/cdev.12888,Child Development,24,Mispronunciation sensitivity
Onset and codas in 1.5-year-olds’ word recognition,success,2-s2.0-60349091135,60349091135,10.1016/j.jml.2008.11.003,Journal of Memory and Language,79,Mispronunciation sensitivity
Spoken word recognition and lexical representation in very young children,success,2-s2.0-0034648525,0034648525,10.1016/S0010-0277(00)00081-0,Cognition,321,Mispronunciation sensitivity
Lexical neighborhoods and the word-form representations of 14-month-olds,success,2-s2.0-0036718546,0036718546,10.1111/1467-9280.00485,Psychological Science,254,Mispronunciation sensitivity
Two-year-olds Interpret Novel Phonological Neighbors as Familiar Words,success,2-s2.0-84975833733,84975833733,10.1037/dev0000114,Developmental Psychology,21,Mispronunciation sensitivity
Phonological specificity in children at 1,success,2-s2.0-14644412776,14644412776,10.1017/S0305000904006567,Journal of Child Language,99,Mispronunciation sensitivity
Twelve-month-olds know their cups from their keps and tups,success,2-s2.0-77957909327,77957909327,10.1111/j.1532-7078.2009.00027.x,Infancy,65,Mispronunciation sensitivity
Early word recognition in sentence context: French and English 24-month-olds' sensitivity to sentence-medial mispronunciations and assimilations,success,2-s2.0-84885027959,84885027959,10.1111/infa.12020,Infancy,14,Mispronunciation sensitivity
"A methodological investigation of the Intermodal Preferential Looking paradigm: Methods of analyses, picture selection and data rejection criteria",success,2-s2.0-84936876257,84936876257,10.1016/j.infbeh.2015.05.005,Infant Behavior and Development,36,Mispronunciation sensitivity
Monodialectal and multidialectal infants ’ representation of familiar words,success,2-s2.0-84922450059,84922450059,10.1017/S0305000914000063,Journal of Child Language,29,Mispronunciation sensitivity
Phonological specificity of consonants and vowels in early lexical representations,success,2-s2.0-34249046092,34249046092,10.1016/j.jml.2007.03.005,Journal of Memory and Language,134,Mispronunciation sensitivity
Asymmetries in Early Word Recognition : The Case of Stops and Fricatives,success,2-s2.0-84897612606,84897612606,10.1080/15475441.2013.808954,Language Learning and Development,13,Mispronunciation sensitivity
Building phonological lexical representations,success,2-s2.0-84959499369,84959499369,10.1017/S0952675715000135,Phonology,8,Mispronunciation sensitivity
Phonetic Detail in the Developing Lexicon,success,2-s2.0-0345759568,0345759568,10.1177/00238309030460021001,Language and Speech,91,Mispronunciation sensitivity
Word processing at 19 months and its relation to language performance at 30 months: A retrospective analysis of data from German learning children,success,2-s2.0-80052602357,80052602357,10.1080/14417040600970614,International Journal of Speech-Language Pathology,11,Mispronunciation sensitivity
"Vowels , consonants , and lexical tones : Sensitivity to phonological variation in monolingual Mandarin and bilingual English – Mandarin toddlers",success,2-s2.0-85014001058,85014001058,10.1016/j.jecp.2017.01.009,Journal of Experimental Child Psychology,21,Mispronunciation sensitivity
Vowel categorization during word recognition in bilingual toddlers,success,2-s2.0-67549128984,67549128984,10.1016/j.cogpsych.2009.02.002,Cognitive Psychology,85,Mispronunciation sensitivity
How infants process addition and subtraction events,success,2-s2.0-0036000446,0036000446,10.1111/1467-7687.00220,Developmental Science,91,Simple arithmetic competences
Large-number addition and subtraction by 9-month-old infants,success,2-s2.0-9344219907,9344219907,10.1111/j.0956-7976.2004.00755.x,Psychological Science,249,Simple arithmetic competences
Infant brains detect arithmetic errors,success,2-s2.0-33747594771,33747594771,10.1073/pnas.0605350103,Proceedings of the National Academy of Sciences of the United States of America,134,Simple arithmetic competences
Symbolic gesturing in normal infants,success,2-s2.0-0023986630,0023986630,10.1111/j.1467-8624.1988.tb01480.x,Child development,335,Symbolic play
Relations between language and symbolic gesture development in early childhood,success,2-s2.0-0031498183,0031498183,10.1016/s0885-2014(97)90012-5,Early Childhood Research Quarterly,19,Symbolic play
Individual differences in young children's pretend play with mother and sibling: links to relationships and understanding of other people's feelings and beliefs,success,2-s2.0-0029393648,0029393648,10.1111/j.1467-8624.1995.tb00946.x,Child Development,302,Symbolic play
"Combinatorial play, conceptual development, and early multiword speech",success,2-s2.0-0000374996,0000374996,10.1037/0012-1649.22.2.184,Developmental Psychology,38,Symbolic play
Emergence of graphic symbol functioning and the question of domain specificity: A longitudinal training study,success,2-s2.0-0036512132,0036512132,10.1111/1467-8624.00412,Child Development,68,Symbolic play
Specificity in mother-toddler language- play relations across the second year,success,2-s2.0-21344490170,21344490170,10.1037/0012-1649.30.2.283,Developmental Psychology,150,Symbolic play
"Language, play, and attention at one year",success,2-s2.0-0024998939,0024998939,10.1016/0163-6383(90)90007-U,Infant Behavior and Development,74,Symbolic play
"Concurrent and longitudinal relationships between development in graphic, language and symbolic play domains from the fourth to the fifth year",success,2-s2.0-84878974518,84878974518,10.1002/icd.1786,Infant and Child Development,16,Symbolic play
Symbolic play performance and early language development,success,2-s2.0-34248880770,34248880770,10.1007/BF01067749,Journal of Psycholinguistic Research,25,Symbolic play
Relation of psycholinguistic development to imaginative play of disadvantaged preschool children,success,2-s2.0-84987041208,84987041208,10.1002/1520-6807(197810)15:4<560::AID-PITS2310150420>3.0.CO;2-3,Psychology in the Schools,10,Symbolic play
The contribution of symbolic skills to the development of an explicit theory of mind,success,2-s2.0-84904323870,84904323870,10.1111/cdev.12227,Child Development,56,Symbolic play
The development and predictive relations of play and language across the second year,success,2-s2.0-0033190687,0033190687,10.1111/1467-9450.00115,Scandinavian Journal of Psychology,55,Symbolic play
Symbolic play and early language,success,2-s2.0-85107788432,85107788432,10.1111/infa.12414,Infancy,0,Symbolic play
Symbolic play and early language,success,2-s2.0-84973469378,84973469378,10.1371/journal.pone.0155964,PLoS ONE,22,Symbolic play
Symbolic play and early language,success,2-s2.0-85008106455,85008106455,10.5112/jjlp.35.19,The Japan Journal of Logopedics and Phoniatrics,0,Symbolic play
Symbolic play and early language,success,2-s2.0-34248880770,34248880770,10.1007/BF01067749,Journal of Psycholinguistic Research,25,Symbolic play
Symbolic play and early language,success,2-s2.0-0020523095,0020523095,10.1044/jshr.2603.404,Journal of Speech and Hearing Research,31,Symbolic play
Language and symbolic play in toddlers,success,2-s2.0-1842785126,1842785126,10.1044/1058-0360(2004/008),American Journal of Speech-Language Pathology,12,Symbolic play
Language and symbolic play in toddlers,success,2-s2.0-0000667670,0000667670,10.1080/016502597384875,International Journal of Behavioral Development,45,Symbolic play
Language and symbolic play in toddlers,success,2-s2.0-0026619027,0026619027,10.1044/jshr.3506.1290,Journal of Speech and Hearing Research,82,Symbolic play
Early intentional communication as a predictor of language development in young toddlers,success,2-s2.0-0347246208,0347246208,10.1177/014272379901905604,First Language,69,Symbolic play
Language development and symbolic play in children with and without familial risk for dyslexia,success,2-s2.0-0035430299,0035430299,10.1044/1092-4388(2001/070),"Journal of Speech, Language, and Hearing Research",102,Symbolic play
Symbolic play connects to language through visual object recognition,success,2-s2.0-80051922639,80051922639,10.1111/j.1467-7687.2011.01065.x,Developmental Science,27,Symbolic play
A normative study of representational play at the transition to language,success,2-s2.0-33847264690,33847264690,10.1037/0012-1649.31.2.198,Developmental Psychology,248,Symbolic play
Solitary and collaborative pretense play in early childhood: Sources of individual variation in the development of representational competence,success,2-s2.0-0030342721,0030342721,10.1111/j.1467-8624.1996.tb01895.x,Child Development,107,Symbolic play
"Associations among play, gesture, and early spoken language acquisition",success,2-s2.0-84879508228,84879508228,10.1177/0142723713487618,First Language,22,Symbolic play
"The investigation of pretend play, mental state terms and false belief understanding: In search of a metarepresentational link",success,2-s2.0-0034310940,0034310940,10.1348/026151000165887,British Journal of Developmental Psychology,70,Symbolic play
An investigation into the effect of play-based instruction on the development of play skills and oral language,success,2-s2.0-85008257133,85008257133,10.1177/1476718X15579741,Journal of Early Childhood Research,14,Symbolic play
Cooperation and conversations about the mind: A study of individual differences in 2-year-olds and their siblings,success,2-s2.0-33744534013,33744534013,10.1348/026151005X82893,British Journal of Developmental Psychology,54,Symbolic play
"Relationships between symbolic play, functional play, verbal and non-verbal ability in young children",success,2-s2.0-0034085375,0034085375,10.1080/136828200247287,International Journal of Language and Communication Disorders,106,Symbolic play
"Origins of individual differences in imitation: Links with language, pretend play, and socially insightful behavior in two‐year‐old twins",success,2-s2.0-34248645970,34248645970,10.1111/j.1467-8624.2007.07803001_1.x,Child Development,0,Symbolic play
"Origins of individual differences in imitation: Links with language, pretend play, and socially insightful behavior in two‐year‐old twins",success,2-s2.0-33947528238,33947528238,10.1111/j.1467-8624.2007.01010.x,Child Development,46,Symbolic play
Theory of mind development and social understanding,success,2-s2.0-85007614200,85007614200,10.1016/j.jecp.2016.10.001,Journal of Experimental Child Psychology,52,Symbolic play
Theory of mind development and social understanding,success,2-s2.0-84996969509,84996969509,10.1057/9780230234383,Against Theory of Mind,4,Symbolic play
Theory of mind development and social understanding,success,2-s2.0-67349251236,67349251236,10.1007/s00787-008-0711-y,European Child and Adolescent Psychiatry,62,Symbolic play
Theory of mind development and social understanding,success,2-s2.0-42649087439,42649087439,10.1016/j.dr.2007.03.001,Developmental Review,172,Symbolic play
Theory of mind development and social understanding,success,2-s2.0-0343840378,0343840378,10.1080/02699939508409006,Cognition and Emotion,337,Symbolic play
Language and play at one year: A comparison of toddlers and mothers in the United States and Japan,success,2-s2.0-0001833736,0001833736,10.1177/016502549201500102,International Journal of Behavioral Development,73,Symbolic play
Asymmetric headturning to speech and nonspeech in human newborns,success,2-s2.0-0030116755,0030116755,10.1002/(SICI)1098-2302(199604)29:3<205::AID-DEV2>3.0.CO;2-V,Developmental Psychobiology,31,Natural speech preference
Listening to language at birth: evidence for a bias for speech in neonates,success,2-s2.0-33846650897,33846650897,10.1111/j.1467-7687.2007.00549.x,Developmental Science,283,Natural speech preference
The tuning of Human Neonates' Preference for Speech,success,2-s2.0-77954290899,77954290899,10.1111/j.1467-8624.2009.01412.x,Child Development,115,Natural speech preference
Prenatal experience with low-frequency maternal-voice sounds influence neonatal perception of maternal voice samples,success,2-s2.0-0000561982,0000561982,10.1016/0163-6383(87)90028-2,Infant Behavior and Development,93,Natural speech preference
Developmental Differences in Infant Attention to the Spectral Properties of Infant-directed Speech,success,2-s2.0-0028690628,0028690628,10.1111/j.1467-8624.1994.tb00841.x,Child Development,137,Natural speech preference
Developmental Differences in Infant Attention to the Spectral Properties of Infant-directed Speech,success,2-s2.0-0028690628,0028690628,10.1111/j.1467-8624.1994.tb00841.x,Child Development,137,Infant directed speech preference
Three-Month-Olds Prefer Speech to Other Naturally Occurring Signals,success,2-s2.0-79952861364,79952861364,10.1080/15475440903507830,Language Learning and Development,51,Natural speech preference
Five-month-old infants' identification of the sources of vocalizations,success,2-s2.0-73249114936,73249114936,10.1073/pnas.0906049106,Proceedings of the National Academy of Sciences of the United States of America,42,Natural speech preference
Listening Preference for Child-Directed Speech Versus Nonspeech Stimuli in Normal-Hearing and Hearing-Impaired Infants After Cochlear Implantation,success,2-s2.0-79955549332,79955549332,10.1097/AUD.0b013e3182008afc,Ear and Hearing,16,Natural speech preference
Preference for speech in infancy differentially predicts language skills and autism-like behaviors,success,2-s2.0-85056449775,85056449775,10.1016/j.jecp.2018.09.011,Journal of Experimental Child Psychology,3,Natural speech preference
The role of prosody in infants’ preference for speech: A comparison between speech and birdsong,success,2-s2.0-85065495483,85065495483,10.1111/infa.12295,Infancy,2,Natural speech preference
Does an Early Speech Preference Predict Linguistic and Social-Pragmatic Attention in Infants Displaying and Not Displaying Later ASD Symptoms?,success,2-s2.0-85072101500,85072101500,10.1007/s10803-019-03924-2,Journal of Autism and Developmental Disorders,0,Natural speech preference
Speech Preference is Associated with Autistic-Like Behavior in 18-Months-Olds at Risk for Autism Spectrum Disorder,success,2-s2.0-84883157817,84883157817,10.1007/s10803-013-1759-1,Journal of Autism and Developmental Disorders,38,Natural speech preference
Foundational Tuning: How Infants' Attention to Speech Predicts Language Development,success,2-s2.0-84926120597,84926120597,10.1111/cogs.12128,Cognitive Science,48,Natural speech preference
Infants’ Preference for Child-Directed Speech Over Time-Reversed Speech in On-Channel and Off-Channel Masking,success,2-s2.0-85111282470,85111282470,10.1044/2021_JSLHR-20-00279,"Journal of Speech, Language, and Hearing Research",0,Natural speech preference
A method for the measurement of infant auditory selectivity,success,2-s2.0-0019841575,0019841575,10.1016/S0163-6383(81)80025-2,Infant Behavior and Development,55,Natural speech preference
Infants rapidly learn word-referent mappings via cross-situational statistics,success,2-s2.0-38649100970,38649100970,10.1016/j.cognition.2007.06.010,Cognition,559,Cross-situational word learning
What you learn is what you see: using eye movements to study infant cross-situational word learning,success,2-s2.0-79954610481,79954610481,10.1111/j.1467-7687.2010.00958.x,Developmental Science,103,Cross-situational word learning
2.5-Year-olds use cross-situational consistency to learn verbs under referential uncertainty,success,2-s2.0-84155164933,84155164933,10.1016/j.cognition.2011.10.010,Cognition,72,Cross-situational word learning
Children with ASD can use gaze in support of word recognition and learning,success,2-s2.0-84879505238,84879505238,10.1111/jcpp.12073,Journal of Child Psychology and Psychiatry and Allied Disciplines,24,Cross-situational word learning
Cross-situational statistical word learning in young children,success,2-s2.0-84904511935,84904511935,10.1016/j.jecp.2014.06.003,Journal of Experimental Child Psychology,58,Cross-situational word learning
Two- and Three-Year-Olds Track a Single Meaning During Word Learning: Evidence for Propose-but-Verify,success,2-s2.0-84961218407,84961218407,10.1080/15475441.2016.1140581,Language Learning and Development,29,Cross-situational word learning
Developmental Changes in Cross-Situational Word Learning: The Inverse Effect of Initial Accuracy,success,2-s2.0-84949256948,84949256948,10.1111/cogs.12322,Cognitive Science,12,Cross-situational word learning
Fast mapping word meanings across trials: Young children forget all but their first guess,success,2-s2.0-85046347996,85046347996,10.1016/j.cognition.2018.04.008,Cognition,17,Cross-situational word learning
Symbolic flexibility during unsupervised word learning in children and adults,success,2-s2.0-85049358289,85049358289,10.1016/j.jecp.2018.05.016,Journal of Experimental Child Psychology,4,Cross-situational word learning
Children Value Informativity Over Logic in Word Learning,success,2-s2.0-84878793815,84878793815,10.1177/0956797612460691,Psychological Science,70,Cross-situational word learning
Memory constraints on infants’ cross-situational statistical learning,success,2-s2.0-84875799870,84875799870,10.1016/j.cognition.2013.02.015,Cognition,92,Cross-situational word learning
Finding meaning in a noisy world: exploring the effects of referential ambiguity and competition on 2·5-year-olds’ cross-situational word learning,success,2-s2.0-84964022122,84964022122,10.1017/S0305000916000180,Journal of Child Language,9,Cross-situational word learning
Utterance-final position and pitch marking aid word learning in school-age children,success,2-s2.0-85027556653,85027556653,10.1098/rsos.161035,Royal Society Open Science,3,Cross-situational word learning
Resolving referential ambiguity across ambiguous situations in young foreign language learners,success,2-s2.0-84991738680,84991738680,10.1017/S0142716416000357,Applied Psycholinguistics,8,Cross-situational word learning
Infants Encode Phonetic Detail during Cross-Situational Word Learning,success,2-s2.0-84992702410,84992702410,10.3389/fpsyg.2016.01419,Frontiers in Psychology,13,Cross-situational word learning
Classification of bimodal English and Spanish language passages by infants,success,2-s2.0-0038612523,0038612523,10.1016/0163-6383(88)90014-8,Infant Behavior and Development,47,Language discrimination and preference
The development of language constancy: Attention to native versus nonnative accents,success,2-s2.0-84883418402,84883418402,10.1111/cdev.12068,Child Development,20,Language discrimination and preference
Infants’ discrimination of familiar and unfamiliar accents in speech,success,2-s2.0-79957942177,79957942177,10.1111/j.1532-7078.2010.00050.x,Infancy,42,Language discrimination and preference
Language discrimination by English-learning 5-month-olds: Effects of rhythm and familiarity,success,2-s2.0-0011380780,0011380780,10.1006/jmla.2000.2698,Journal of Memory and Language,246,Language discrimination and preference
Utterance-final lengthening is predictive of infants’ discrimination of English accents: Infants’ accent discrimination,success,2-s2.0-84906511263,84906511263,10.1111/lang.12060,Language Learning,9,Language discrimination and preference
Neural correlates of infant accent discrimination: An fNIRS study,success,2-s2.0-84904722187,84904722187,10.1111/desc.12160,Developmental Science,15,Language discrimination and preference
The native language of social cognition,success,2-s2.0-34547620167,34547620167,10.1073/pnas.0705345104,Proceedings of the National Academy of Sciences of the United States of America,510,Language discrimination and preference
A precursor of language acquisition in young infants,success,2-s2.0-0024040230,0024040230,10.1016/0010-0277(88)90035-2,Cognition,858,Language discrimination and preference
Five-month-old infants’ discrimination of unfamiliar languages does not accord with “rhythm class,success,2-s2.0-84982993442,84982993442,10.21437/speechprosody.2016-116,Proceedings of the International Conference on Speech Prosody,4,Language discrimination and preference
Language discrimination by newborns: Toward an understanding of the role of rhythm,success,2-s2.0-0032091085,0032091085,10.1037/0096-1523.24.3.756,Journal of Experimental Psychology: Human Perception and Performance,622,Language discrimination and preference
Language discrimination by human newborns and by cotton-top tamarin monkeys,success,2-s2.0-0034646734,0034646734,10.1126/science.288.5464.349,Science,327,Language discrimination and preference
Evoked and oscillatory EEG activity differentiates language discrimination in young monolingual and bilingual infants,success,2-s2.0-85062799411,85062799411,10.1038/s41598-018-20824-0,Scientific Reports,24,Language discrimination and preference
Native-language recognition abilities in 4-month-old infants from monolingual and bilingual environments,success,2-s2.0-0031304794,0031304794,10.1016/S0010-0277(97)00040-1,Cognition,253,Language discrimination and preference
El reconocimiento temprano de la lengua materna: Un estudio basado en la voz masculina [Early native-language recognition capacities: A study based on male-voices],success,2-s2.0-85064303361,85064303361,10.1174/021037001316920735,Infancia y Aprendizaje,3,Language discrimination and preference
Evidence of early language discrimination abilities in infants from bilingual environments,success,2-s2.0-0345775322,0345775322,10.1207/S15327078IN0201_3,Infancy,213,Language discrimination and preference
Intonation plays a role in language discrimination by infants,success,2-s2.0-85052455716,85052455716,10.1111/infa.12257,Infancy,5,Language discrimination and preference
Developmental change in auditory preferences for speech stimuli in Japanese infants,success,2-s2.0-0035654225,0035654225,10.1044/1092-4388(2001/092),"Journal of Speech, Language, and Hearing Research",81,Language discrimination and preference
The roots of bilingualism in newborns,success,2-s2.0-77951288077,77951288077,10.1177/0956797609360758,Psychological Science,184,Language discrimination and preference
Prosodic structure and syntactic acquisition: The case of the head-direction parameter,success,2-s2.0-0037386698,0037386698,10.1111/1467-7687.00273,Developmental Science,92,Language discrimination and preference
Dissociating cortical activity during processing of native and non-native audiovisual speech from early to late infancy,success,2-s2.0-84989301764,84989301764,10.3390/brainsci4030471,Brain Sciences,15,Language discrimination and preference
Optical brain imaging reveals general auditory and language-specific processing in early infant development,success,2-s2.0-78651474099,78651474099,10.1093/cercor/bhq082,Cerebral Cortex,119,Language discrimination and preference
Cerebral hemodynamics in newborn infants exposed to speech sounds: A whole‐head optical topography study,success,2-s2.0-84864954120,84864954120,10.1002/hbm.21350,Human Brain Mapping,84,Language discrimination and preference
Two-day-olds prefer their native language,success,2-s2.0-34248825963,34248825963,10.1016/0163-6383(93)80007-U,Infant Behavior and Development,432,Language discrimination and preference
Electrophysiological indices of cerebral specialization and the role of prosody in language acquisition in 3‐month‐old infants,success,2-s2.0-0032995974,0032995974,10.1080/87565649909540740,Developmental Neuropsychology,14,Language discrimination and preference
Meaning from syntax: Evidence from 2-year-olds,success,2-s2.0-76349113565,76349113565,10.1016/j.cognition.2009.10.015,Cognition,103,Syntactic bootstrapping
Two-year-olds can begin to acquire verb meanings in socially impoverished contexts,success,2-s2.0-84884241994,84884241994,10.1016/j.cognition.2013.08.021,Cognition,21,Syntactic bootstrapping
"Out of sight, but not out of mind: 21-month-olds use syntactic information to learn verbs even in the absence of a corresponding event",success,2-s2.0-84876448720,84876448720,10.1080/01690965.2011.641744,Language and Cognitive Processes,36,Syntactic bootstrapping
Two-year-olds consolidate verb meanings during a nap,success,2-s2.0-85078673490,85078673490,10.1016/j.cognition.2020.104205,Cognition,6,Syntactic bootstrapping
Learning verb syntax via listening: New evidence from 22-month-olds,success,2-s2.0-84939465912,84939465912,10.1080/15475441.2014.978331,Language Learning and Development,23,Syntactic bootstrapping
Children use syntax to learn verb meanings,success,2-s2.0-0025440598,0025440598,10.1017/S0305000900013817,Journal of Child Language,498,Syntactic bootstrapping
First contact in verb acquisition: Defining a role for syntax,success,2-s2.0-0027758085,0027758085,10.1111/j.1467-8624.1993.tb04206.x,Child Development,128,Syntactic bootstrapping
Abstractness and continuity in the syntactic development of young children with autism,success,2-s2.0-83355160982,83355160982,10.1002/aur.223,Autism Research,67,Syntactic bootstrapping
Counting the nouns: Simple structural cues to verb meaning,success,2-s2.0-84863860653,84863860653,10.1111/j.1467-8624.2012.01783.x,Child Development,83,Syntactic bootstrapping
Statistical phonetic learning in infants: facilitation and feature generalization,success,2-s2.0-37249032677,37249032677,10.1111/j.1467-7687.2007.00653.x,Developmental Science,215,Statistical sound category learning (habituation)
Perception of tones by infants learning a non-tone language,success,2-s2.0-84920933777,84920933777,10.1016/j.cognition.2014.06.004,Cognition,72,Statistical sound category learning (habituation)
Fast phonetic learning occurs already in 2-to-3-month old infants,success,2-s2.0-84897596595,84897596595,10.3389/fpsyg.2014.00077,Frontiers in Psychology,30,Statistical sound category learning (habituation)
"Infant gaze following and pointing predict accelerated vocabulary growth through two years of age: A longitudinal, growth curve modeling study",success,2-s2.0-37849035274,37849035274,10.1017/S030500090700829X,Journal of Child Language,211,Gaze following (combined)
Infant understanding of the referential nature of looking,success,2-s2.0-43049139954,43049139954,10.1016/j.cognition.2008.02.009,Cognition,109,Gaze following (combined)
Infant understanding of the referential nature of looking,success,2-s2.0-0013068905,0013068905,10.1207/S15327647JCD0104_01,Journal of Cognition and Development,92,Gaze following (combined)
Responding to Joint Attention and Language Development: A Comparison of Target Locations,success,2-s2.0-0036693815,0036693815,10.1044/1092-4388(2002/057),"Journal of Speech, Language, and Hearing Research",43,Gaze following (combined)
Responding to joint attention across the 6-through 24-month age period and early language acquisition,success,2-s2.0-0042409571,0042409571,10.1016/S0193-3973(99)00040-4,Journal of Applied Developmental Psychology,249,Gaze following (combined)
Individual differences in joint attention skill development in the second year,success,2-s2.0-0002977365,0002977365,10.1016/S0163-6383(98)90020-0,Infant Behavior and Development,279,Gaze following (combined)
"EEG coherence, joint attention and language development in the second year",success,2-s2.0-0037300831,0037300831,10.1111/1467-7687.00253,Developmental Science,63,Gaze following (combined)
Individual differences and the development of joint attention in infancy,success,2-s2.0-34248635954,34248635954,10.1111/j.1467-8624.2007.01042.x,Child Development,358,Gaze following (combined)
"Gaze following, temperament, and language development in 6-month-olds: A replication and extension",success,2-s2.0-0041779510,0041779510,10.1016/S0163-6383(01)00038-8,Infant Behavior and Development,106,Gaze following (combined)
Precursors to social and communication difficulties in infants at-risk for autism: gaze following and attentional engagement,success,2-s2.0-84866735907,84866735907,10.1007/s10803-012-1450-y,Journal of Autism and Developmental Disorders,139,Gaze following (combined)
"Gaze following as a function of affective expression in 3-, 6-and 9-month-old infants",success,2-s2.0-34547547097,34547547097,10.1016/j.infbeh.2006.12.009,Infant Behavior and Development,18,Gaze following (combined)
Gaze Following in Human Infants Depends on Communicative Signals,success,2-s2.0-43049107499,43049107499,10.1016/j.cub.2008.03.059,Current Biology,429,Gaze following (combined)
Gaze Following Is Not Dependent on Ostensive Cues: A Critical Test of Natural Pedagogy,success,2-s2.0-85043466150,85043466150,10.1111/cdev.13026,Child Development,40,Gaze following (combined)
The power of human gaze on infant learning,success,2-s2.0-84877794269,84877794269,10.1016/j.cognition.2013.03.011,Cognition,47,Gaze following (combined)
Infant gaze following depends on communicative signals: An eye-tracking study of 5- to 7-month-olds in Vanuatu,success,2-s2.0-85059051426,85059051426,10.1111/desc.12779,Developmental Science,24,Gaze following (combined)
The Microstructure of Infants' Gaze as They View Adult Shifts in Overt Attention,success,2-s2.0-53349160385,53349160385,10.1080/15250000802329529,Infancy,55,Gaze following (combined)
Early Social Experience Affects the Development of Eye Gaze Processing,success,2-s2.0-84955421398,84955421398,10.1016/j.cub.2015.10.019,Current Biology,33,Gaze following (combined)
"Cross-species variation in gaze following and conspecific preference among great apes, human infants and adults",success,2-s2.0-84898624418,84898624418,10.1016/j.anbehav.2014.03.011,Animal Behaviour,53,Gaze following (combined)
Toddlers’ gaze following through attention modulation: Intention is in the eye of the beholder,success,2-s2.0-84883461923,84883461923,10.1016/j.jecp.2012.09.008,Journal of Experimental Child Psychology,20,Gaze following (combined)
Physiological arousal predicts gaze following in infants,success,2-s2.0-85062695463,85062695463,10.1098/rspb.2018.2746,Proceedings of the Royal Society B: Biological Sciences,13,Gaze following (combined)
Ostension affects infant learning more than attention,success,2-s2.0-85076184269,85076184269,10.1016/j.cognition.2019.104082,Cognition,10,Gaze following (combined)
Individual differences in object-processing explain the relationship between early gaze-following and later language development,success,2-s2.0-85020760308,85020760308,10.1016/j.cognition.2017.06.005,Cognition,12,Gaze following (combined)
The importance of the eyes: communication skills in infants of blind parents,success,2-s2.0-84875970862,84875970862,10.1098/rspb.2013.0436,Proceedings of the Royal Society B: Biological Sciences,23,Gaze following (combined)
Social and emotional contexts predict the development of gaze following in early infancy,success,2-s2.0-85093857981,85093857981,10.1098/rsos.201178,Royal Society Open Science,9,Gaze following (combined)
Word-form familiarity bootstraps infant speech segmentation,success,2-s2.0-84885444779,84885444779,10.1111/desc.12071,Developmental Science,26,Word Segmentation (combined)
Sixteen-month-old infants’ segment words from infant- and adult-directed speech,success,2-s2.0-84966701516,84966701516,10.1080/15475441.2016.1171717,Language Learning and Development,11,Word Segmentation (combined)
Early Word Segmentation in Naturalistic Environments: Limited Effects of Speech Register,success,2-s2.0-84959422544,84959422544,10.1111/infa.12133,Infancy,11,Word Segmentation (combined)
Listen up! Developmental differences in the impact of IDS on speech segmentation,success,2-s2.0-85009097021,85009097021,10.1016/j.cognition.2016.12.003,Cognition,10,Word Segmentation (combined)
The limits of metrical segmentation: intonation modulates infants' extraction of embedded trochees,success,2-s2.0-84950269068,84950269068,10.1017/S0305000915000744,Journal of Child Language,8,Word Segmentation (combined)
German‐learning infants’ ability to detect unstressed closed‐class elements in continuous speech,success,2-s2.0-0037389638,0037389638,10.1111/1467-7687.00261,Developmental Science,120,Word Segmentation (combined)
Distributional cues and the onset bias in early word segmentation,success,2-s2.0-84925665384,84925665384,10.1037/a0038105,Developmental Psychology,5,Word Segmentation (combined)
Segmentation of verb forms in preverbal infants,success,2-s2.0-41849130270,41849130270,10.1121/1.2884082,Journal of the Acoustical Society of America,16,Word Segmentation (combined)
Initial morphological learning in preverbal infants,success,2-s2.0-81055156109,81055156109,10.1016/j.cognition.2011.07.004,Cognition,32,Word Segmentation (combined)
The effect of functional morphemes on word segmentation in preverbal infants,success,2-s2.0-43449122751,43449122751,10.1111/j.1467-7687.2008.00685.x,Developmental Science,77,Word Segmentation (combined)
Segmenting words from fluent speech during infancy – challenges and opportunities in a bilingual context,success,2-s2.0-84965018433,84965018433,10.1111/desc.12419,Developmental Science,16,Word Segmentation (combined)
"Word Segmentation in Monolingual Infants Acquiring Canadian English and Canadian French: Native Language, Cross-Dialect, and Cross-Language Comparisons",success,2-s2.0-84856589882,84856589882,10.1111/j.1532-7078.2011.00075.x,Infancy,47,Word Segmentation (combined)
Emerging word segmentation abilities in European Portuguese-learning infants: new evidence for the rhythmic unit and the edge factor,success,2-s2.0-85048054027,85048054027,10.1017/S0305000918000181,Journal of Child Language,9,Word Segmentation (combined)
Infant word segmentation recruits the cerebral network of phonological short-term memory,success,2-s2.0-85017195853,85017195853,10.1016/j.bandl.2017.03.005,Brain and Language,9,Word Segmentation (combined)
Reduplication facilitates early word segmentation,success,2-s2.0-85011711087,85011711087,10.1017/S0305000916000660,Journal of Child Language,13,Word Segmentation (combined)
British English infants segment words only with exaggerated infant-directed speech stimuli,success,2-s2.0-84949812737,84949812737,10.1016/j.cognition.2015.12.004,Cognition,36,Word Segmentation (combined)
Frequency and form as determinants of functor sensitivity in English-acquiring infants,success,2-s2.0-33745106612,33745106612,10.1121/1.2198947,Journal of the Acoustical Society of America,84,Word Segmentation (combined)
Listen to your mother! The role of talker familiarity in infant streaming,success,2-s2.0-9944261861,9944261861,10.1016/j.cognition.2004.06.001,Cognition,82,Word Segmentation (combined)
Mommy and me familiar names help launch babies into speech-stream segmentation,success,2-s2.0-17444421602,17444421602,10.1111/j.0956-7976.2005.01531.x,Psychological Science,276,Word Segmentation (combined)
Phonological phrase boundaries constrain lexical access II: Infant data,success,2-s2.0-7244234233,7244234233,10.1016/j.jml.2004.07.002,Journal of Memory and Language,109,Word Segmentation (combined)
Infants' use of synchronized visual information to separate streams of speech,success,2-s2.0-19744364672,19744364672,10.1111/j.1467-8624.2005.00866.x,Child Development,106,Word Segmentation (combined)
The role of talker-specific information in word segmentation by infants,success,2-s2.0-0034303094,0034303094,10.1037/0096-1523.26.5.1570,Journal of Experimental Psychology: Human Perception and Performance,213,Word Segmentation (combined)
Infants' long-term memory for the sound patterns of words and voices,success,2-s2.0-0347622702,0347622702,10.1037/0096-1523.29.6.1143,Journal of Experimental Psychology: Human Perception and Performance,79,Word Segmentation (combined)
Cross-language word segmentation by 9-month-olds,success,2-s2.0-0034279481,0034279481,10.3758/BF03214363,Psychonomic Bulletin and Review,93,Word Segmentation (combined)
English-learning infants’ segmentation of trisyllabic words from fluent speech,success,2-s2.0-1242308421,1242308421,10.1080/01690960344000143,Language and Cognitive Processes,43,Word Segmentation (combined)
English-Learning Infants' Representations of Word Forms With Iambic Stress,success,2-s2.0-17244378708,17244378708,10.1207/s15327078in0701_8,Infancy,22,Word Segmentation (combined)
Infants use prosodically conditioned acoustic-phonetic cues to extract words from speech,success,2-s2.0-44949253999,44949253999,10.1121/1.2908407,Journal of the Acoustical Society of America,35,Word Segmentation (combined)
Lexical viability constraints on speech segmentation by infants,success,2-s2.0-0037646373,0037646373,10.1016/S0010-0285(02)00507-8,Cognitive Psychology,29,Word Segmentation (combined)
Infants′ detection of the sound patterns of words in fluent speech,success,2-s2.0-0029351511,0029351511,10.1006/cogp.1995.1010,Cognitive Psychology,588,Word Segmentation (combined)
Infants’ sensitivity to allophonic cues for word segmentation,success,2-s2.0-0033219794,0033219794,10.3758/BF03213111,Perception and Psychophysics,171,Word Segmentation (combined)
The beginnings of word segmentation in English-learning infants,success,2-s2.0-0033217496,0033217496,10.1006/cogp.1999.0716,Cognitive Psychology,522,Word Segmentation (combined)
Segmentation of vowel-initial words is facilitated by function words,success,2-s2.0-84929927781,84929927781,10.1017/S0305000914000269,Journal of Child Language,5,Word Segmentation (combined)
Phonotactic cues for segmentation of fluent speech by infants,success,2-s2.0-0035238918,0035238918,10.1016/S0010-0277(00)00109-8,Cognition,211,Word Segmentation (combined)
English-learning infants' segmentation of verbs from fluent speech,success,2-s2.0-29544443556,29544443556,10.1177/00238309050480030201,Language and Speech,69,Word Segmentation (combined)
The cocktail party effect in infants,success,2-s2.0-15844362459,15844362459,10.1037/0012-1649.41.2.352,Developmental Psychology,58,Word Segmentation (combined)
The cocktail party effect in infants,success,2-s2.0-0030279554,0030279554,10.3758/BF03207548,Perception and Psychophysics,48,Word Segmentation (combined)
Accommodating variability in voice and foreign accent: flexibility of early word representations,success,2-s2.0-67049145380,67049145380,10.1111/j.1467-7687.2009.00809.x,Developmental Science,74,Word Segmentation (combined)
Developmental changes in infants’ ability to cope with dialect variation in word recognition,success,2-s2.0-77957365257,77957365257,10.1111/j.1532-7078.2010.00032.x,Infancy,73,Word Segmentation (combined)
Infant word segmentation revisited: Edge alignment facilitates target extraction,success,2-s2.0-33750282232,33750282232,10.1111/j.1467-7687.2006.00534.x,Developmental Science,122,Word Segmentation (combined)
Boundary alignment enables 11-month-olds to segment vowel initial words from speech,success,2-s2.0-37849052799,37849052799,10.1017/S0305000907008215,Journal of Child Language,37,Word Segmentation (combined)
Influences of high and low variability on infant word recognition,success,2-s2.0-37249087868,37249087868,10.1016/j.cognition.2007.05.002,Cognition,113,Word Segmentation (combined)
Influences of infant-directed speech on early word recognition,success,2-s2.0-77949407744,77949407744,10.1080/15250000903263973,Infancy,89,Word Segmentation (combined)
Preference and processing: The role of speech affect in early spoken word recognition,success,2-s2.0-3343023683,3343023683,10.1016/j.jml.2004.04.004,Journal of Memory and Language,134,Word Segmentation (combined)
Overcoming the effects of variation in infant speech segmentation: Influences of word familiarity,success,2-s2.0-41449114123,41449114123,10.1080/15250000701779386,Infancy,19,Word Segmentation (combined)
Infant word segmentation and childhood vocabulary development: a longitudinal analysis,success,2-s2.0-84862648104,84862648104,10.1111/j.1467-7687.2012.01141.x,Developmental Science,85,Word Segmentation (combined)
Infants adapt to speaking rate differences in word segmentation,success,2-s2.0-85017508854,85017508854,10.1121/1.4979704,Journal of the Acoustical Society of America,4,Word Segmentation (combined)
Early Segmentation Abilities in Preterm Infants,success,2-s2.0-85031101758,85031101758,10.1111/infa.12217,Infancy,5,Word Segmentation (combined)
Effects of prior phonotactic knowledge on infant word segmentation: The case of nonadjacent dependencies,success,2-s2.0-84879546222,84879546222,10.1044/1092-4388(2012/12-0138),"Journal of Speech, Language, and Hearing Research",20,Word Segmentation (combined)
Early syllabic segmentation of fluent speech by infants acquiring French,success,2-s2.0-84892420926,84892420926,10.1371/journal.pone.0079646,PLoS ONE,20,Word Segmentation (combined)
Early segmentation of fluent speech by infants acquiring French: Emerging evidence for crosslinguistic differences,success,2-s2.0-33244486518,33244486518,10.1016/j.jml.2005.10.004,Journal of Memory and Language,123,Word Segmentation (combined)
Early word segmentation in infants acquiring Parisian French: task-dependent and dialect-specific aspects,success,2-s2.0-84899731322,84899731322,10.1017/S0305000913000111,Journal of Child Language,37,Word Segmentation (combined)
Early speech segmentation in French-learning infants: Monosyllabic words versus embedded syllables,success,2-s2.0-84940916579,84940916579,10.1177/0023830914551375,Language and Speech,26,Word Segmentation (combined)
The edge factor in early word segmentation: utterance-level prosody enables word form extraction by 6-month-olds,success,2-s2.0-84897383339,84897383339,10.1371/journal.pone.0083546,PLoS ONE,53,Word Segmentation (combined)
Infants exposed to fluent natural speech succeed at cross-gender word recognition,success,2-s2.0-84859391716,84859391716,10.1044/1092-4388(2011/10-0347),"Journal of Speech, Language, and Hearing Research",37,Word Segmentation (combined)
Influences of lexical tone and pitch on word recognition in bilingual infants,success,2-s2.0-84862661584,84862661584,10.1016/j.cognition.2012.05.008,Cognition,41,Word Segmentation (combined)
Rapid gains in segmenting fluent speech when words match the rhythmic unit: evidence from infants acquiring syllable-timed languages,success,2-s2.0-84878870430,84878870430,10.3389/fpsyg.2013.00106,Frontiers in Psychology,34,Word Segmentation (combined)
Preference for Infant-directed Speech in the First Month after Birth,success,2-s2.0-0025504075,0025504075,10.1111/j.1467-8624.1990.tb02885.x,Child Development,530,Infant directed speech preference
Developmental Differences in Infant Attention to the Spectral Properties of Infant-directed Speech,success,2-s2.0-0028690628,0028690628,10.1111/j.1467-8624.1994.tb00841.x,Child Development,137,Natural speech preference
Developmental Differences in Infant Attention to the Spectral Properties of Infant-directed Speech,success,2-s2.0-0028690628,0028690628,10.1111/j.1467-8624.1994.tb00841.x,Child Development,137,Infant directed speech preference
The development of infants’ preference for Motherese,success,2-s2.0-0031256343,0031256343,10.1016/S0163-6383(97)90037-0,Infant Behavior and Development,122,Infant directed speech preference
Dishabituation of visual attention by infant- versus adult-directed speech: Effects of frequency modulation and spectral composition,success,2-s2.0-0347902931,0347902931,10.1016/0163-6383(95)90050-0,Infant Behavior and Development,36,Infant directed speech preference
The Effect of Hearing Loss on the Perception of Infant- and Adult-Directed Speech,success,2-s2.0-84881305148,84881305148,10.1044/1092-4388(2012/12-0110),"Journal of Speech, Language, and Hearing Research",11,Infant directed speech preference
Four-month-old infants prefer to listen to motherese*,success,2-s2.0-34248874470,34248874470,10.1016/S0163-6383(85)80005-9,Infant Behavior and Development,579,Infant directed speech preference
Acoustic determinants of infant preference for motherese speech,success,2-s2.0-33947195856,33947195856,10.1016/0163-6383(87)90017-8,Infant Behavior and Development,541,Infant directed speech preference
Changes in Preference for Infant-Directed Speech in Low and Moderate Noise by 4.5- to 13-Month-Old,success,2-s2.0-33747161963,33747161963,10.1207/s15327078in1001_4,Infancy,54,Infant directed speech preference
Infant Preferences for Structural and Prosodic Properties of Infant-Directed Speech in the Second Year of Life,success,2-s2.0-84926257535,84926257535,10.1111/infa.12077,Infancy,21,Infant directed speech preference
Influences of Infant-Directed Speech on Early Word Recognition,success,2-s2.0-77949407744,77949407744,10.1080/15250000903263973,Infancy,89,Infant directed speech preference
Infant-directed speech drives social preferences in 5-month-old infants,success,2-s2.0-79551569639,79551569639,10.1037/a0020740,Developmental Psychology,67,Infant directed speech preference
Linking Infant-Directed Speech and Face Preferences to Language Outcomes in Infants at Risk for Autism Spectrum Disorder,success,2-s2.0-84878048135,84878048135,10.1044/1092-4388(2012/11-0266),"Journal of Speech, Language, and Hearing Research",22,Infant directed speech preference
Preference for infant-directed over adult-directed speech: Evidence from 7-week-old infants,success,2-s2.0-33846080857,33846080857,10.1016/0163-6383(92)80003-D,Infant Behavior and Development,157,Infant directed speech preference
Infant preference for both male and female infant-directed talk: A developmental study of attentional and affective responsiveness,success,2-s2.0-0024684422,0024684422,10.1037/h0084224,Canadian journal of psychology,278,Infant directed speech preference
A cross-language investigation of infant preference for infant-directed communication,success,2-s2.0-33845947291,33845947291,10.1016/0163-6383(94)90012-4,Infant Behavior and Development,122,Infant directed speech preference
Infant preferences for infant-directed versus noninfant-directed playsongs and lullabies,success,2-s2.0-0029687408,0029687408,10.1016/S0163-6383(96)90046-6,Infant Behavior and Development,158,Infant directed speech preference
Developmental Change in Auditory Preferences for Speech Stimuli in Japanese Infants,success,2-s2.0-0035654225,0035654225,10.1044/1092-4388(2001/092),"Journal of Speech, Language, and Hearing Research",81,Infant directed speech preference
Discrimination between mothers’ infant-and adult-directed speech using hidden Markov models,success,2-s2.0-79955483225,79955483225,10.1016/j.neures.2011.01.010,Neuroscience Research,17,Infant directed speech preference
